rate_date,currency,local_per_usd
2026-04-01,ARS,1000.000000
2026-04-01,CLP,950.000000
2026-04-01,COP,4000.000000
2026-04-01,MXN,18.000000
2026-04-02,ARS,1001.067571
2026-04-02,CLP,950.571513
2026-04-02,COP,4003.856613
2026-04-02,MXN,17.983244
2026-04-03,ARS,1000.378870
2026-04-03,CLP,951.764536
2026-04-03,COP,4007.218173
2026-04-03,MXN,18.000798
2026-04-04,ARS,999.840026
2026-04-04,CLP,950.532788
2026-04-04,COP,4008.900569
2026-04-04,MXN,18.019868
2026-04-05,ARS,999.842437
2026-04-05,CLP,951.530720
2026-04-05,COP,4013.250728
2026-04-05,MXN,18.007172
2026-04-06,ARS,999.741847
2026-04-06,CLP,951.015076
2026-04-06,COP,4017.213552
2026-04-06,MXN,17.992311
2026-04-07,ARS,1000.788008
2026-04-07,CLP,950.105930
2026-04-07,COP,4013.146647
2026-04-07,MXN,17.998677
2026-04-08,ARS,1000.914743
2026-04-08,CLP,949.179129
2026-04-08,COP,4011.765706
2026-04-08,MXN,17.992811
2026-04-09,ARS,1001.052316
2026-04-09,CLP,949.774095
2026-04-09,COP,4013.114405
2026-04-09,MXN,18.009646
2026-04-10,ARS,1002.354530
2026-04-10,CLP,948.914960
2026-04-10,COP,4018.014673
2026-04-10,MXN,17.996716
2026-04-11,ARS,1003.539707
2026-04-11,CLP,949.115962
2026-04-11,COP,4020.576315
2026-04-11,MXN,17.981933
2026-04-12,ARS,1004.665961
2026-04-12,CLP,949.524135
2026-04-12,COP,4018.441780
2026-04-12,MXN,18.000671
2026-04-13,ARS,1005.972876
2026-04-13,CLP,948.786075
2026-04-13,COP,4015.479503
2026-04-13,MXN,18.016847
2026-04-14,ARS,1007.281491
2026-04-14,CLP,949.146802
2026-04-14,COP,4011.750250
2026-04-14,MXN,18.031427
2026-04-15,ARS,1006.546692
2026-04-15,CLP,949.509918
2026-04-15,COP,4006.733945
2026-04-15,MXN,18.046131
2026-04-16,ARS,1007.856053
2026-04-16,CLP,948.447124
2026-04-16,COP,4008.798309
2026-04-16,MXN,18.055776
2026-04-17,ARS,1007.626987
2026-04-17,CLP,947.226266
2026-04-17,COP,4013.681147
2026-04-17,MXN,18.060000
2026-04-18,ARS,1007.512129
2026-04-18,CLP,946.457841
2026-04-18,COP,4012.768759
2026-04-18,MXN,18.072292
2026-04-19,ARS,1008.822746
2026-04-19,CLP,947.521288
2026-04-19,COP,4009.516854
2026-04-19,MXN,18.064414
2026-04-20,ARS,1010.135068
2026-04-20,CLP,946.300385
2026-04-20,COP,4013.116500
2026-04-20,MXN,18.076148
2026-04-21,ARS,1011.449098
2026-04-21,CLP,946.637097
2026-04-21,COP,4011.846601
2026-04-21,MXN,18.055576
2026-04-22,ARS,1011.620729
2026-04-22,CLP,947.293410
2026-04-22,COP,4013.268545
2026-04-22,MXN,18.063835
2026-04-23,ARS,1012.936691
2026-04-23,CLP,947.892128
2026-04-23,COP,4015.922296
2026-04-23,MXN,18.059064
2026-04-24,ARS,1012.530806
2026-04-24,CLP,947.619123
2026-04-24,COP,4010.853969
2026-04-24,MXN,18.049865
2026-04-25,ARS,1013.375724
2026-04-25,CLP,948.596492
2026-04-25,COP,4007.423562
2026-04-25,MXN,18.059307
2026-04-26,ARS,1014.693970
2026-04-26,CLP,947.954361
2026-04-26,COP,4012.340983
2026-04-26,MXN,18.076076
2026-04-27,ARS,1016.013930
2026-04-27,CLP,947.275622
2026-04-27,COP,4016.695920
2026-04-27,MXN,18.090773
2026-04-28,ARS,1016.739148
2026-04-28,CLP,946.929229
2026-04-28,COP,4013.828542
2026-04-28,MXN,18.071565
2026-04-29,ARS,1017.959712
2026-04-29,CLP,946.551461
2026-04-29,COP,4018.098474
2026-04-29,MXN,18.088393
2026-04-30,ARS,1017.341042
2026-04-30,CLP,945.418347
2026-04-30,COP,4018.981027
2026-04-30,MXN,18.100101
2026-05-01,ARS,1017.315716
2026-05-01,CLP,945.182860
2026-05-01,COP,4020.267542
2026-05-01,MXN,18.080284
2026-05-02,ARS,1017.107795
2026-05-02,CLP,944.751825
2026-05-02,COP,4015.797997
2026-05-02,MXN,18.073349
2026-05-03,ARS,1018.315356
2026-05-03,CLP,944.259487
2026-05-03,COP,4020.123327
2026-05-03,MXN,18.069283
2026-05-04,ARS,1018.282648
2026-05-04,CLP,944.957758
2026-05-04,COP,4021.956538
2026-05-04,MXN,18.063880
2026-05-05,ARS,1017.559633
2026-05-05,CLP,944.159521
2026-05-05,COP,4018.805177
2026-05-05,MXN,18.081855
2026-05-06,ARS,1018.883321
2026-05-06,CLP,944.860932
2026-05-06,COP,4015.323919
2026-05-06,MXN,18.094663
2026-05-07,ARS,1019.720827
2026-05-07,CLP,945.137370
2026-05-07,COP,4019.962339
2026-05-07,MXN,18.087835
2026-05-08,ARS,1021.047327
2026-05-08,CLP,945.579830
2026-05-08,COP,4016.492929
2026-05-08,MXN,18.101427
2026-05-09,ARS,1022.375551
2026-05-09,CLP,946.646996
2026-05-09,COP,4013.867689
2026-05-09,MXN,18.108081
2026-05-10,ARS,1023.411025
2026-05-10,CLP,947.500639
2026-05-10,COP,4011.413549
2026-05-10,MXN,18.090598
2026-05-11,ARS,1022.776108
2026-05-11,CLP,948.367111
2026-05-11,COP,4014.095956
2026-05-11,MXN,18.103099
2026-05-12,ARS,1023.612120
2026-05-12,CLP,949.256359
2026-05-12,COP,4017.779069
2026-05-12,MXN,18.091894
2026-05-13,ARS,1024.943681
2026-05-13,CLP,950.243333
2026-05-13,COP,4013.144264
2026-05-13,MXN,18.101516
2026-05-14,ARS,1026.276974
2026-05-14,CLP,949.992578
2026-05-14,COP,4015.951583
2026-05-14,MXN,18.117693
2026-05-15,ARS,1025.851017
2026-05-15,CLP,949.419650
2026-05-15,COP,4014.053999
2026-05-15,MXN,18.106862
2026-05-16,ARS,1026.671497
2026-05-16,CLP,950.173295
2026-05-16,COP,4015.902208
2026-05-16,MXN,18.101496
2026-05-17,ARS,1028.007038
2026-05-17,CLP,949.629664
2026-05-17,COP,4020.002993
2026-05-17,MXN,18.107467
2026-05-18,ARS,1028.759711
2026-05-18,CLP,950.702332
2026-05-18,COP,4024.420289
2026-05-18,MXN,18.084700
2026-05-19,ARS,1028.795810
2026-05-19,CLP,950.007784
2026-05-19,COP,4023.149554
2026-05-19,MXN,18.106405
2026-05-20,ARS,1029.678199
2026-05-20,CLP,949.015079
2026-05-20,COP,4024.248888
2026-05-20,MXN,18.123971
2026-05-21,ARS,1031.017652
2026-05-21,CLP,950.094929
2026-05-21,COP,4020.814141
2026-05-21,MXN,18.132898
2026-05-22,ARS,1031.964586
2026-05-22,CLP,950.812779
2026-05-22,COP,4022.265074
2026-05-22,MXN,18.155871
2026-05-23,ARS,1031.240708
2026-05-23,CLP,951.954922
2026-05-23,COP,4017.814365
2026-05-23,MXN,18.136697
2026-05-24,ARS,1032.582193
2026-05-24,CLP,951.150065
2026-05-24,COP,4015.639837
2026-05-24,MXN,18.118776
2026-05-25,ARS,1033.346358
2026-05-25,CLP,952.230520
2026-05-25,COP,4014.201456
2026-05-25,MXN,18.106201
2026-05-26,ARS,1033.650235
2026-05-26,CLP,952.777877
2026-05-26,COP,4019.073908
2026-05-26,MXN,18.097160
2026-05-27,ARS,1034.432822
2026-05-27,CLP,953.491487
2026-05-27,COP,4017.538574
2026-05-27,MXN,18.091622
2026-05-28,ARS,1034.053753
2026-05-28,CLP,954.239844
2026-05-28,COP,4019.600872
2026-05-28,MXN,18.113216
2026-05-29,ARS,1035.398897
2026-05-29,CLP,954.540933
2026-05-29,COP,4018.118014
2026-05-29,MXN,18.100517
2026-05-30,ARS,1035.437821
2026-05-30,CLP,955.150514
2026-05-30,COP,4016.804147
2026-05-30,MXN,18.108167
2026-05-31,ARS,1036.784765
2026-05-31,CLP,953.996367
2026-05-31,COP,4017.701051
2026-05-31,MXN,18.117886
2026-06-01,ARS,1037.576087
2026-06-01,CLP,954.849540
2026-06-01,COP,4016.652829
2026-06-01,MXN,18.133060
2026-06-02,ARS,1038.925813
2026-06-02,CLP,955.227026
2026-06-02,COP,4018.228090
2026-06-02,MXN,18.140214
2026-06-03,ARS,1040.277295
2026-06-03,CLP,955.774281
2026-06-03,COP,4019.267821
2026-06-03,MXN,18.119504
2026-06-04,ARS,1041.630535
2026-06-04,CLP,956.166958
2026-06-04,COP,4015.851858
2026-06-04,MXN,18.138256
2026-06-05,ARS,1041.143236
2026-06-05,CLP,956.384325
2026-06-05,COP,4012.043481
2026-06-05,MXN,18.120283
2026-06-06,ARS,1040.496077
2026-06-06,CLP,955.218050
2026-06-06,COP,4009.504687
2026-06-06,MXN,18.108050
2026-06-07,ARS,1041.270667
2026-06-07,CLP,955.880273
2026-06-07,COP,4011.709679
2026-06-07,MXN,18.124174
2026-06-08,ARS,1042.231120
2026-06-08,CLP,955.365872
2026-06-08,COP,4014.739579
2026-06-08,MXN,18.108911
2026-06-09,ARS,1042.400584
2026-06-09,CLP,954.546209
2026-06-09,COP,4010.075134
2026-06-09,MXN,18.092352
2026-06-10,ARS,1042.134822
2026-06-10,CLP,954.744819
2026-06-10,COP,4005.521295
2026-06-10,MXN,18.087054
2026-06-11,ARS,1043.490479
2026-06-11,CLP,955.227875
2026-06-11,COP,4004.528759
2026-06-11,MXN,18.098948
2026-06-12,ARS,1044.847898
2026-06-12,CLP,954.298568
2026-06-12,COP,4002.928676
2026-06-12,MXN,18.094500
2026-06-13,ARS,1044.183331
2026-06-13,CLP,953.442807
2026-06-13,COP,4004.772126
2026-06-13,MXN,18.081054
2026-06-14,ARS,1044.318317
2026-06-14,CLP,952.223193
2026-06-14,COP,4006.672146
2026-06-14,MXN,18.070880
2026-06-15,ARS,1043.787851
2026-06-15,CLP,951.383328
2026-06-15,COP,4003.354569
2026-06-15,MXN,18.077368
2026-06-16,ARS,1044.740581
2026-06-16,CLP,950.693582
2026-06-16,COP,4005.989197
2026-06-16,MXN,18.071697
2026-06-17,ARS,1044.742843
2026-06-17,CLP,949.707676
2026-06-17,COP,4004.971086
2026-06-17,MXN,18.056408
2026-06-18,ARS,1046.101892
2026-06-18,CLP,950.841982
2026-06-18,COP,4002.524894
2026-06-18,MXN,18.049409
2026-06-19,ARS,1045.288106
2026-06-19,CLP,951.786414
2026-06-19,COP,4005.632573
2026-06-19,MXN,18.071400
2026-06-20,ARS,1044.898602
2026-06-20,CLP,952.985975
2026-06-20,COP,4006.881880
2026-06-20,MXN,18.086572
2026-06-21,ARS,1045.692975
2026-06-21,CLP,951.976149
2026-06-21,COP,4011.359283
2026-06-21,MXN,18.097093
2026-06-22,ARS,1047.053260
2026-06-22,CLP,950.878695
2026-06-22,COP,4010.327863
2026-06-22,MXN,18.081717
2026-06-23,ARS,1047.835266
2026-06-23,CLP,950.569221
2026-06-23,COP,4005.448956
2026-06-23,MXN,18.077647
2026-06-24,ARS,1049.198338
2026-06-24,CLP,951.525646
2026-06-24,COP,4004.211366
2026-06-24,MXN,18.100339
2026-06-25,ARS,1050.563183
2026-06-25,CLP,950.874933
2026-06-25,COP,3999.697432
2026-06-25,MXN,18.113566
2026-06-26,ARS,1051.499064
2026-06-26,CLP,950.106542
2026-06-26,COP,4004.471592
2026-06-26,MXN,18.132795
2026-06-27,ARS,1052.341539
2026-06-27,CLP,949.233309
2026-06-27,COP,4009.590685
2026-06-27,MXN,18.127519
2026-06-28,ARS,1052.444793
2026-06-28,CLP,950.436556
2026-06-28,COP,4005.253739
2026-06-28,MXN,18.114195
2026-06-29,ARS,1051.626278
2026-06-29,CLP,949.217894
2026-06-29,COP,4009.491235
2026-06-29,MXN,18.127600
2026-06-30,ARS,1052.893638
2026-06-30,CLP,948.727227
2026-06-30,COP,4005.857351
2026-06-30,MXN,18.149940
2026-07-01,ARS,1052.301563
2026-07-01,CLP,949.683199
2026-07-01,COP,4010.093363
2026-07-01,MXN,18.134902
2026-07-02,ARS,1053.670445
2026-07-02,CLP,950.657106
2026-07-02,COP,4008.698064
2026-07-02,MXN,18.147979
2026-07-03,ARS,1055.041107
2026-07-03,CLP,950.104799
2026-07-03,COP,4005.533746
2026-07-03,MXN,18.156940
2026-07-04,ARS,1055.189199
2026-07-04,CLP,949.785374
2026-07-04,COP,4008.601737
2026-07-04,MXN,18.146689
2026-07-05,ARS,1056.561837
2026-07-05,CLP,950.018140
2026-07-05,COP,4004.021204
2026-07-05,MXN,18.160717
2026-07-06,ARS,1056.528581
2026-07-06,CLP,951.021011
2026-07-06,COP,4001.183042
2026-07-06,MXN,18.148321
2026-07-07,ARS,1057.902961
2026-07-07,CLP,951.723761
2026-07-07,COP,3998.688688
2026-07-07,MXN,18.144261
2026-07-08,ARS,1057.406124
2026-07-08,CLP,950.502443
2026-07-08,COP,3995.077427
2026-07-08,MXN,18.164392
2026-07-09,ARS,1056.968283
2026-07-09,CLP,949.826428
2026-07-09,COP,3993.107901
2026-07-09,MXN,18.185944
2026-07-10,ARS,1058.343235
2026-07-10,CLP,951.038903
2026-07-10,COP,3991.695608
2026-07-10,MXN,18.179502
2026-07-11,ARS,1059.257279
2026-07-11,CLP,950.418331
2026-07-11,COP,3994.593293
2026-07-11,MXN,18.194224
2026-07-12,ARS,1058.982768
2026-07-12,CLP,949.399031
2026-07-12,COP,3997.224912
2026-07-12,MXN,18.188413
2026-07-13,ARS,1060.195402
2026-07-13,CLP,949.677532
2026-07-13,COP,3995.403284
2026-07-13,MXN,18.205508
2026-07-14,ARS,1061.491313
2026-07-14,CLP,950.448040
2026-07-14,COP,3992.989739
2026-07-14,MXN,18.196237
2026-07-15,ARS,1061.670572
2026-07-15,CLP,949.419959
2026-07-15,COP,3995.398365
2026-07-15,MXN,18.213083
