transaction_id,customer_id,product_category,country,currency,payer_currency,is_cross_border,psp,status,auth_ts,settle_ts,authorized_amount,settled_amount,item_count,risk_score,card_bin_country,merchant_id
txn_00253ba0964a,cus_696e925b2a31,kitchen,CL,CLP,CLP,false,PSP_A,settled,2026-06-09 08:05:41,2026-06-13 08:15:47,229473,222016,2,0.271,CL,casamarket
txn_013e549ae627,cus_9b3a98583c42,lighting,MX,MXN,USD,true,PSP_A,settled,2026-04-19 19:16:46,2026-04-21 20:33:04,4178209,4176165,1,0.179,ES,casamarket
txn_02d1fd02204c,cus_9b3a98583c42,bedding,AR,ARS,USD,true,PSP_E,settled,2026-04-23 10:18:11,2026-04-26 13:38:36,4803346,4811679,1,0.296,US,casamarket
txn_0315d4b5825f,cus_f1f53cf96a97,decor,CO,COP,USD,true,PSP_E,settled,2026-06-23 05:34:20,2026-06-28 23:06:52,57614378,54972079,4,0.392,BR,casamarket
txn_0386e9aa69cf,cus_7edff9729afd,lighting,AR,ARS,ARS,false,PSP_C,settled,2026-06-01 19:55:14,2026-06-03 19:12:02,22756119,22218386,1,0.514,AR,casamarket
txn_039dadb45901,cus_b6403ee1eaf9,kitchen,MX,MXN,MXN,false,PSP_B,settled,2026-06-06 19:28:55,2026-06-09 09:28:05,59992,59992,2,0.127,MX,casamarket
txn_0427addf30a8,cus_5897a381b45e,kitchen,MX,MXN,MXN,false,PSP_B,settled,2026-04-28 02:44:33,2026-04-30 09:41:03,69503,69503,2,0.312,MX,casamarket
txn_0492892b8858,cus_42bd7ba6c80a,kitchen,AR,ARS,ARS,false,PSP_A,settled,2026-06-20 13:11:44,2026-06-22 21:36:16,39409396,26272931,3,0.309,AR,casamarket
txn_04b857005bea,cus_ba76c8211b1f,bedding,CO,COP,COP,false,PSP_A,settled,2026-05-04 06:15:33,2026-05-09 01:22:44,93088184,93088184,1,0.226,CO,casamarket
txn_056a7af92d45,cus_bfd596d22947,lighting,AR,ARS,ARS,false,PSP_A,failed,2026-04-22 17:11:42,,5125882,,1,0.572,AR,casamarket
txn_058fab1bce1f,cus_fadfdfa39c2c,kitchen,MX,MXN,MXN,false,PSP_C,pending,2026-06-29 19:04:47,,243871,,3,0.512,MX,casamarket
txn_0596bdf9251a,cus_b6403ee1eaf9,furniture,CO,COP,USD,true,PSP_C,settled,2026-04-12 16:50:14,2026-04-15 14:17:01,74980105,74761649,1,0.586,US,casamarket
txn_05b368d0531a,cus_cbca9e143136,decor,AR,ARS,ARS,false,PSP_B,settled,2026-06-16 22:00:30,2026-06-18 14:19:12,43026596,43026596,3,0.481,AR,casamarket
txn_0673d4d79ab1,cus_30438474cbf7,furniture,CL,CLP,CLP,false,PSP_E,settled,2026-05-08 08:23:48,2026-05-12 18:53:33,21276,21276,3,0.178,CL,casamarket
txn_07f42d643323,cus_dc9fdea3bdb6,bedding,CL,CLP,USD,true,PSP_A,settled,2026-05-27 17:48:11,2026-05-30 00:44:48,74277,74406,1,0.067,US,casamarket
txn_083402386cfc,cus_13e71311e1a7,decor,CO,COP,COP,false,PSP_D,pending,2026-06-23 04:34:33,,242842359,,1,0.705,CO,casamarket
txn_083aec30b5a0,cus_eaf8df6bd06f,bedding,AR,ARS,ARS,false,PSP_D,settled,2026-04-28 22:36:04,2026-05-03 05:46:05,20562533,20562533,2,0.225,AR,casamarket
txn_08663c72d313,cus_b8ca44100209,kitchen,AR,ARS,ARS,false,PSP_A,settled,2026-05-23 14:26:50,2026-05-28 00:15:34,2584289,2464159,2,0.587,AR,casamarket
txn_08bffb5c2227,cus_6631a9d1a1cc,lighting,CO,COP,COP,false,PSP_D,settled,2026-05-22 06:46:34,2026-05-26 16:03:06,225508291,225508291,1,0.665,CO,casamarket
txn_09537d430b7c,cus_3d03c0fcfc9d,furniture,MX,MXN,MXN,false,PSP_B,settled,2026-04-02 05:16:49,2026-04-03 22:56:09,193841,193841,1,0.029,MX,casamarket
txn_09eb9b75974f,cus_66ec9ac0836f,bedding,MX,MXN,MXN,false,PSP_E,settled,2026-05-17 15:24:56,2026-05-19 20:08:57,32213,32213,2,0.165,MX,casamarket
txn_09fa8d6fbdc1,cus_a2b415571ba1,furniture,AR,ARS,ARS,false,PSP_D,settled,2026-06-20 09:13:33,2026-06-22 05:33:46,19477955,19477955,2,0.08,AR,casamarket
txn_0a1e3849b1b1,cus_59289bb973d4,lighting,AR,ARS,ARS,false,PSP_B,settled,2026-04-12 23:02:42,2026-04-14 20:40:36,2825121,2739513,1,0.111,AR,casamarket
txn_0a209e294241,cus_dd773573d178,decor,MX,MXN,USD,true,PSP_C,settled,2026-04-17 17:26:13,2026-04-19 14:24:53,110003,110030,3,0.263,US,casamarket
txn_0ad731e6bcb4,cus_37749031c0ae,decor,AR,ARS,USD,true,PSP_E,settled,2026-06-11 08:36:31,2026-06-13 18:32:42,3465432,3467733,1,0.034,US,casamarket
txn_0ade863eda0f,cus_4b8660fd1c8d,decor,MX,MXN,MXN,false,PSP_A,settled,2026-05-11 18:26:31,2026-05-13 20:30:07,33074,33074,1,0.041,MX,casamarket
txn_0ae4ad092da2,cus_3397cbd04f79,decor,CL,CLP,CLP,false,PSP_A,settled,2026-06-06 06:41:32,2026-06-08 06:10:20,95904,95904,1,0.039,CL,casamarket
txn_0b0d88139de3,cus_c28d308f89a4,decor,AR,ARS,ARS,false,PSP_E,settled,2026-04-25 20:36:16,2026-04-29 04:08:22,31697379,31697379,2,0.117,AR,casamarket
txn_0bc43f5cbbda,cus_c3d8a3b0e1ad,decor,MX,MXN,USD,true,PSP_A,settled,2026-05-23 06:55:55,2026-05-28 00:14:57,43111,43055,2,0.163,ES,casamarket
txn_0c209ac721f8,cus_bfd596d22947,decor,CO,COP,COP,false,PSP_A,settled,2026-05-08 22:50:36,2026-05-11 21:49:12,5735552,5735552,1,0.033,CO,casamarket
txn_0d3d9ea3351d,cus_274dd7ea6c03,furniture,MX,MXN,MXN,false,PSP_A,pending,2026-06-30 03:32:31,,31345,,3,0.06,MX,casamarket
txn_0e10382e0296,cus_e723f9a52b6b,bedding,MX,MXN,USD,true,PSP_A,settled,2026-04-01 09:10:38,2026-04-07 04:26:06,304848,292817,1,0.027,CA,casamarket
txn_0f0830015a04,cus_3b12309acba7,furniture,AR,ARS,ARS,false,PSP_C,settled,2026-06-16 02:04:36,2026-06-18 13:08:23,2940945,2940945,4,0.35,AR,casamarket
txn_0f10b29f429e,cus_79e3e7f61a52,furniture,MX,MXN,USD,true,PSP_B,settled,2026-05-23 18:35:02,2026-05-27 21:21:39,48080,31974,3,0.416,US,casamarket
txn_0f857f0ed5f0,cus_124103926163,bedding,MX,MXN,USD,true,PSP_A,settled,2026-05-31 04:58:38,2026-06-02 02:37:46,182411,121757,3,0.072,US,casamarket
txn_10a05a24afef,cus_77b812352af8,decor,CL,CLP,CLP,false,PSP_D,settled,2026-04-12 19:58:28,2026-04-14 12:29:30,169110,169111,1,0.434,CL,casamarket
txn_11311d4f9cc7,cus_bc8cc91cc638,bedding,MX,MXN,MXN,false,PSP_E,settled,2026-06-15 20:34:29,2026-06-19 23:50:43,350556,350556,1,0.327,MX,casamarket
txn_114978570322,cus_696e925b2a31,kitchen,AR,ARS,ARS,false,PSP_C,settled,2026-04-08 17:19:51,2026-04-13 10:58:49,9214421,9214421,1,0.044,AR,casamarket
txn_123d13fc4f64,cus_f5eb9ab0742b,bedding,CO,COP,COP,false,PSP_A,failed,2026-05-10 03:34:12,,5238906,,1,0.934,CO,casamarket
txn_12614c2a61f5,cus_d791e8d2ccad,decor,MX,MXN,USD,true,PSP_A,failed,2026-05-16 13:18:07,,174281,,3,0.141,US,casamarket
txn_1264c8991eb8,cus_66ec9ac0836f,decor,CO,COP,USD,true,PSP_E,settled,2026-04-30 05:11:59,2026-05-02 00:32:53,9243656,9236335,1,0.023,GB,casamarket
txn_12f649a99c00,cus_80bc69704f05,furniture,AR,ARS,ARS,false,PSP_C,settled,2026-06-12 17:15:02,2026-06-15 09:09:09,10117262,10117262,2,0.393,AR,casamarket
txn_13345591b577,cus_d20cad730bdb,furniture,MX,MXN,MXN,false,PSP_C,settled,2026-04-28 17:20:24,2026-05-04 17:41:30,406375,406375,1,0.291,MX,casamarket
txn_14020a70ca12,cus_cbca9e143136,furniture,CO,COP,COP,false,PSP_A,settled,2026-06-08 14:09:08,2026-06-11 07:49:24,16123194,16123194,4,0.012,CO,casamarket
txn_1632b94a6f67,cus_07e897ccc01b,furniture,MX,MXN,MXN,false,PSP_A,failed,2026-05-19 18:41:39,,95276,,2,0.217,MX,casamarket
txn_1677661eebc3,cus_3f10f0c5c157,decor,MX,MXN,MXN,false,PSP_D,settled,2026-04-14 18:09:32,2026-04-18 15:42:32,106548,106548,1,0.006,MX,casamarket
txn_16a18853736c,cus_35ffcbcc2928,furniture,CL,CLP,CLP,false,PSP_D,settled,2026-05-06 10:18:19,2026-05-09 18:13:46,372266,372266,4,0.248,CL,casamarket
txn_16f8a10753b4,cus_a3729b9f4eba,decor,MX,MXN,MXN,false,PSP_B,settled,2026-06-06 10:54:01,2026-06-08 07:53:10,184050,184050,2,0.206,MX,casamarket
txn_17383b1f0bbd,cus_4ec329fc34de,furniture,MX,MXN,MXN,false,PSP_C,settled,2026-04-09 05:48:28,2026-04-14 20:34:39,312395,312395,2,0.486,MX,casamarket
txn_17c0c99b04d3,cus_67423bf2a710,decor,CO,COP,COP,false,PSP_E,settled,2026-05-03 10:29:17,2026-05-06 03:19:55,81704986,81704986,3,0.056,CO,casamarket
txn_17e09a20094a,cus_85e9424b40c2,kitchen,MX,MXN,MXN,false,PSP_C,settled,2026-05-26 08:00:53,2026-05-28 05:05:56,94558,94558,1,0.397,MX,casamarket
txn_17f50d49b111,cus_d791e8d2ccad,bedding,MX,MXN,MXN,false,PSP_D,failed,2026-04-11 19:45:27,,85396,,1,0.239,MX,casamarket
txn_1811c604721b,cus_59289bb973d4,furniture,MX,MXN,MXN,false,PSP_D,settled,2026-05-31 05:54:58,2026-06-04 21:57:53,457748,457748,2,0.79,MX,casamarket
txn_1826c3c47e29,cus_3ef1b3d5124f,lighting,MX,MXN,USD,true,PSP_A,settled,2026-06-12 17:47:25,2026-06-15 07:17:40,537389,536880,1,0.265,US,casamarket
txn_185e35e424e0,cus_728854d56a20,kitchen,MX,MXN,USD,true,PSP_B,failed,2026-04-17 08:54:10,,18837,,1,0.354,CA,casamarket
txn_190ee0ef5918,cus_a89232154b4c,lighting,AR,ARS,USD,true,PSP_B,settled,2026-06-25 04:49:56,2026-06-29 06:44:18,4357736,4362146,3,0.217,US,casamarket
txn_19ac6f58bcee,cus_b05bd87873d1,furniture,CO,COP,USD,true,PSP_A,settled,2026-05-23 09:35:39,2026-05-24 21:51:31,78287113,78244742,1,0.524,US,casamarket
txn_1a50f3270bbc,cus_ba76c8211b1f,bedding,AR,ARS,USD,true,PSP_A,settled,2026-05-17 02:38:50,2026-05-19 21:10:52,10000452,10008125,1,0.229,ES,casamarket
txn_1aa9ac1bb67f,cus_a2b415571ba1,lighting,CO,COP,USD,true,PSP_D,settled,2026-04-26 16:40:43,2026-05-01 05:35:12,9489186,9500000,1,0.151,GB,casamarket
txn_1bb63c42f1dc,cus_79e3e7f61a52,lighting,CO,COP,USD,true,PSP_A,settled,2026-06-09 00:17:06,2026-06-13 03:51:00,5233148,5047279,1,0.365,BR,casamarket
txn_1bd1993dc27d,cus_eada6ff56489,bedding,MX,MXN,MXN,false,PSP_C,settled,2026-04-23 09:17:53,2026-04-27 00:26:58,28046,27456,1,0.255,MX,casamarket
txn_1d305c99e5f4,cus_c9accad1843e,kitchen,AR,ARS,ARS,false,PSP_C,pending,2026-06-29 22:10:38,,74294242,,2,0.16,AR,casamarket
txn_1d7cd54bf0a7,cus_3a48003c128e,lighting,MX,MXN,MXN,false,PSP_A,settled,2026-06-19 18:02:46,2026-06-24 16:15:57,165859,165859,1,0.076,MX,casamarket
txn_1dab8c4c308f,cus_c64034b715c4,lighting,MX,MXN,USD,true,PSP_A,settled,2026-04-29 21:45:32,2026-05-02 03:26:59,138105,137990,1,0.344,US,casamarket
txn_1e61a3d26107,cus_919f179efc21,furniture,MX,MXN,USD,true,PSP_C,settled,2026-05-12 00:24:39,2026-05-14 00:22:07,28857,28898,1,0.415,US,casamarket
txn_1fba67828dae,cus_241a5d7920e5,bedding,CO,COP,COP,false,PSP_D,settled,2026-04-23 05:01:59,2026-04-25 08:02:41,5164476,5164476,2,0.499,CO,casamarket
txn_20667c1407b8,cus_13e71311e1a7,bedding,MX,MXN,USD,true,PSP_D,settled,2026-06-02 14:52:34,2026-06-06 08:00:35,267822,267347,1,0.399,CA,casamarket
txn_2091e171870d,cus_1908a25af831,kitchen,AR,ARS,ARS,false,PSP_D,pending,2026-06-30 18:55:23,,4570611,,4,0.124,AR,casamarket
txn_2178f36a580f,cus_870776972ff3,kitchen,MX,MXN,USD,true,PSP_A,pending,2026-06-29 19:43:03,,62141,,2,0.134,US,casamarket
txn_21840f2204c4,cus_941fbd26f8aa,furniture,CO,COP,COP,false,PSP_C,settled,2026-04-16 13:28:17,2026-04-20 05:55:41,4076948,4076948,1,0.29,CO,casamarket
txn_22efbbf67cf9,cus_6631a9d1a1cc,furniture,CO,COP,COP,false,PSP_C,settled,2026-06-25 12:40:50,2026-06-29 18:12:50,67138921,67138921,1,0.134,CO,casamarket
txn_23c91e997468,cus_8159d410ac21,furniture,CL,CLP,CLP,false,PSP_A,settled,2026-06-20 00:45:20,2026-06-24 13:05:53,19022,19022,4,0.29,CL,casamarket
txn_2442738f4866,cus_b6403ee1eaf9,decor,MX,MXN,MXN,false,PSP_B,settled,2026-05-16 16:22:17,2026-05-19 11:52:19,105767,105767,1,0.236,MX,casamarket
txn_2460ec422a7f,cus_b05bd87873d1,lighting,AR,ARS,ARS,false,PSP_A,settled,2026-04-02 07:39:26,2026-04-03 13:04:43,2892084,2892084,1,0.136,AR,casamarket
txn_2590f6eb8942,cus_77de036e69ff,decor,MX,MXN,MXN,false,PSP_B,settled,2026-04-30 07:19:20,2026-05-03 03:07:06,166412,166412,1,0.795,MX,casamarket
txn_2668fe69ae83,cus_39853fd8ee11,kitchen,CO,COP,USD,true,PSP_C,settled,2026-04-21 13:06:00,2026-04-26 02:35:17,42316958,42322173,1,0.051,CA,casamarket
txn_268d9bfe8ad5,cus_b8ca44100209,decor,MX,MXN,USD,true,PSP_B,settled,2026-04-22 13:12:37,2026-04-26 18:57:05,18100,18112,4,0.206,US,casamarket
txn_26dc7a770cb9,cus_4ec329fc34de,decor,CL,CLP,CLP,false,PSP_B,settled,2026-06-12 06:08:13,2026-06-14 10:17:25,69731,69731,1,0.06,CL,casamarket
txn_2716b35b4550,cus_dd773573d178,decor,AR,ARS,ARS,false,PSP_C,settled,2026-04-15 10:13:46,2026-04-18 01:43:11,1609468,1609468,1,0.747,AR,casamarket
txn_275101208073,cus_cd7f18fb89f2,furniture,AR,ARS,ARS,false,PSP_C,settled,2026-05-13 23:50:51,2026-05-17 14:32:53,10721936,10721936,1,0.086,AR,casamarket
txn_277f1951f9bd,cus_2f74c0fe2c7b,decor,CL,CLP,CLP,false,PSP_D,settled,2026-05-11 13:28:48,2026-05-16 02:04:18,51724,51724,2,0.003,CL,casamarket
txn_27c81b091a44,cus_1ebf91fc2ff9,bedding,CO,COP,COP,false,PSP_A,settled,2026-05-11 01:18:31,2026-05-16 11:57:00,7430092,7430092,1,0.66,CO,casamarket
txn_2802b5447893,cus_e8e86e74a686,furniture,CL,CLP,CLP,false,PSP_A,settled,2026-04-24 19:27:15,2026-04-27 15:28:07,146009,146009,1,0.489,CL,casamarket
txn_29b0f78986d9,cus_fd650b6f0faf,kitchen,AR,ARS,ARS,false,PSP_C,settled,2026-04-22 22:13:10,2026-04-25 21:20:33,15760039,15760039,1,0.618,AR,casamarket
txn_2ad86ebff780,cus_f042497728b5,kitchen,CO,COP,USD,true,PSP_B,settled,2026-04-30 07:56:46,2026-05-02 08:08:49,106394485,106310221,4,0.394,US,casamarket
txn_2b83b65d8eef,cus_f56142205724,kitchen,AR,ARS,USD,true,PSP_C,settled,2026-04-11 04:06:18,2026-04-13 04:21:25,1047695,1050235,3,0.539,US,casamarket
txn_2cc02d46f851,cus_77de036e69ff,furniture,AR,ARS,ARS,false,PSP_A,settled,2026-05-19 15:04:57,2026-05-21 02:32:43,10467997,10467998,1,0.197,AR,casamarket
txn_2d3a0c1b154c,cus_cbec1ff86bb3,lighting,MX,MXN,MXN,false,PSP_C,settled,2026-05-07 15:37:50,2026-05-08 23:34:47,1399383,1399383,2,0.071,MX,casamarket
txn_2d4ff6e81cac,cus_d791e8d2ccad,lighting,CO,COP,USD,true,PSP_C,settled,2026-06-01 23:54:07,2026-06-03 22:53:35,22738272,22753075,2,0.029,US,casamarket
txn_2d8bac3ec82c,cus_70f3f95af9a8,kitchen,MX,MXN,MXN,false,PSP_C,settled,2026-05-10 22:51:09,2026-05-16 03:06:23,95699,91321,2,0.434,MX,casamarket
txn_2db900d58c54,cus_d791e8d2ccad,kitchen,MX,MXN,MXN,false,PSP_E,settled,2026-05-26 17:39:01,2026-05-29 22:48:44,161608,158056,1,0.006,MX,casamarket
txn_2e4e712896c6,cus_3746d8d94c45,furniture,CO,COP,COP,false,PSP_D,settled,2026-04-21 10:14:10,2026-04-25 06:36:59,5777059,5777059,1,0.578,CO,casamarket
txn_2e6b1547765c,cus_652564dedb91,bedding,MX,MXN,MXN,false,PSP_A,failed,2026-04-22 15:10:00,,28848,,1,0.135,MX,casamarket
txn_2f9c0503423d,cus_941fbd26f8aa,lighting,AR,ARS,USD,true,PSP_A,settled,2026-05-28 10:16:42,2026-05-31 22:40:39,2187024,1096400,2,0.525,US,casamarket
txn_2fbd5e843a0d,cus_9b3a98583c42,furniture,MX,MXN,MXN,false,PSP_D,settled,2026-04-22 14:16:02,2026-04-24 09:34:13,26156,26156,2,0.333,MX,casamarket
txn_302799440541,cus_85a9fd7670a3,furniture,MX,MXN,MXN,false,PSP_A,settled,2026-06-15 04:57:31,2026-06-17 05:30:04,140371,140371,1,0.199,MX,casamarket
txn_304f71826e1a,cus_b18bde4353d3,furniture,AR,ARS,ARS,false,PSP_A,settled,2026-05-22 14:49:59,2026-05-27 14:18:20,11843858,11843858,3,0.316,AR,casamarket
txn_30a6cda34ec7,cus_e357d08c046e,lighting,CL,CLP,CLP,false,PSP_B,settled,2026-06-13 02:13:44,2026-06-16 14:40:19,23569,23569,1,0.399,CL,casamarket
txn_3164a13045e0,cus_a3a5e909c95f,furniture,CL,CLP,CLP,false,PSP_A,settled,2026-06-20 20:43:02,2026-06-22 18:22:44,42694,38081,1,0.822,CL,casamarket
txn_326bf0ca3029,cus_fc93b399122f,kitchen,CL,CLP,CLP,false,PSP_D,settled,2026-05-03 08:03:18,2026-05-05 05:04:20,123415,123415,1,0.322,CL,casamarket
txn_3325c2b51551,cus_9f32599c48d7,furniture,CL,CLP,CLP,false,PSP_A,settled,2026-05-30 01:13:24,2026-06-02 13:45:46,61779,61779,4,0.675,CL,casamarket
txn_333f38a79024,cus_a3f3d2ff0fa7,kitchen,CO,COP,COP,false,PSP_A,settled,2026-06-11 16:36:46,2026-06-14 23:10:26,18641081,18641081,1,0.03,CO,casamarket
txn_338b903d6f9c,cus_39853fd8ee11,bedding,CO,COP,COP,false,PSP_C,failed,2026-05-22 00:27:56,,20662376,,1,0.224,CO,casamarket
txn_33bdc34539d7,cus_41f2e68189f1,furniture,CL,CLP,USD,true,PSP_A,settled,2026-06-12 23:08:06,2026-06-15 05:47:28,22951,22881,2,0.146,US,casamarket
txn_33ea1339e5ba,cus_f1f53cf96a97,bedding,MX,MXN,MXN,false,PSP_C,settled,2026-05-03 11:26:18,2026-05-06 07:01:33,248959,248959,1,0.002,MX,casamarket
txn_343035c7528b,cus_d92f7b293f87,lighting,MX,MXN,MXN,false,PSP_C,pending,2026-06-30 07:06:37,,205385,,1,0.14,MX,casamarket
txn_3450e83b4f36,cus_b6403ee1eaf9,lighting,MX,MXN,MXN,false,PSP_C,settled,2026-05-22 04:07:39,2026-05-31 15:45:58,120936,120936,3,0.69,MX,casamarket
txn_36bd9de0440c,cus_3636b3544a7c,furniture,MX,MXN,MXN,false,PSP_A,settled,2026-04-04 12:15:33,2026-04-07 00:02:43,105867,102450,1,0.477,MX,casamarket
txn_371a36db1910,cus_728854d56a20,lighting,MX,MXN,MXN,false,PSP_B,settled,2026-04-11 08:21:46,2026-04-13 03:58:58,625232,609147,2,0.253,MX,casamarket
txn_375d6cecb57f,cus_7abb13d16f6f,lighting,AR,ARS,ARS,false,PSP_A,settled,2026-06-02 11:13:14,2026-06-05 04:33:41,2173433,2173433,3,0.015,AR,casamarket
txn_3787d0a56d0d,cus_c3d8a3b0e1ad,furniture,MX,MXN,MXN,false,PSP_D,settled,2026-04-28 21:59:40,2026-05-01 19:10:53,40408,38899,1,0.655,MX,casamarket
txn_38365e3f6083,cus_5897a381b45e,bedding,AR,ARS,ARS,false,PSP_D,settled,2026-05-29 17:15:16,2026-05-31 19:27:02,17302551,17302551,1,0.416,AR,casamarket
txn_38ed1ac1feff,cus_fc93b399122f,decor,MX,MXN,MXN,false,PSP_C,settled,2026-06-24 06:02:21,2026-06-28 13:13:56,611230,611230,2,0.148,MX,casamarket
txn_393d371bdd61,cus_49b0db6e9ef6,lighting,MX,MXN,MXN,false,PSP_A,settled,2026-05-12 00:47:56,2026-05-17 10:19:22,322235,322235,1,0.327,MX,casamarket
txn_395480cdce97,cus_0d068512de07,decor,MX,MXN,USD,true,PSP_B,settled,2026-06-09 16:22:27,2026-06-12 01:57:06,18508,12340,3,0.377,GB,casamarket
txn_397351e7bd8c,cus_be76702a5f1f,decor,AR,ARS,ARS,false,PSP_C,failed,2026-05-25 19:59:02,,31947969,,1,0.713,AR,casamarket
txn_3a558b130e6b,cus_b676c390f055,bedding,MX,MXN,MXN,false,PSP_B,settled,2026-06-20 08:08:20,2026-06-24 05:46:59,57913,57751,1,0.35,MX,casamarket
txn_3b0dc983272d,cus_eada6ff56489,kitchen,MX,MXN,MXN,false,PSP_E,settled,2026-04-24 08:34:48,2026-04-28 10:06:19,92036,92036,1,0.505,MX,casamarket
txn_3cb019abc55d,cus_3ee62da8cc8e,decor,AR,ARS,USD,true,PSP_D,settled,2026-05-09 22:57:36,2026-05-12 19:00:54,1280014,1281562,1,0.113,US,casamarket
txn_3d0c2308f3d9,cus_35ffcbcc2928,kitchen,MX,MXN,MXN,false,PSP_B,settled,2026-05-09 08:54:32,2026-05-11 10:22:00,35709,35709,3,0.167,MX,casamarket
txn_3d80f47fc26b,cus_8159d410ac21,furniture,CO,COP,USD,true,PSP_B,pending,2026-06-27 03:41:51,,10300638,,1,0.195,CA,casamarket
txn_3de0065cc909,cus_49b0db6e9ef6,kitchen,CO,COP,USD,true,PSP_A,failed,2026-05-10 22:14:26,,4713411,,1,0.055,GB,casamarket
txn_3edd6a79b1e2,cus_8159d410ac21,kitchen,MX,MXN,MXN,false,PSP_A,settled,2026-04-26 06:05:03,2026-04-29 11:39:11,56235,56235,1,0.305,MX,casamarket
txn_3f90363a73c6,cus_c3d8a3b0e1ad,furniture,MX,MXN,MXN,false,PSP_C,settled,2026-05-06 15:59:02,2026-05-10 03:12:21,33186,33186,3,0.889,MX,casamarket
txn_401c61fd598b,cus_85e9424b40c2,decor,CO,COP,USD,true,PSP_A,settled,2026-06-12 01:46:43,2026-06-16 19:12:57,58146542,58190999,2,0.361,US,casamarket
txn_40d8c454dbe5,cus_3d03c0fcfc9d,bedding,AR,ARS,USD,true,PSP_B,settled,2026-05-09 17:10:42,2026-05-15 14:19:38,14015746,9375594,3,0.08,US,casamarket
txn_412a24d58b1b,cus_d20cad730bdb,decor,MX,MXN,MXN,false,PSP_C,settled,2026-05-13 16:32:17,2026-05-15 17:19:59,153048,153048,1,0.492,MX,casamarket
txn_41b88471f70d,cus_eaf8df6bd06f,kitchen,MX,MXN,MXN,false,PSP_E,settled,2026-04-18 04:41:22,2026-04-20 12:41:07,24759,24759,2,0.13,MX,casamarket
txn_41e326e377bc,cus_f1f53cf96a97,furniture,CO,COP,COP,false,PSP_B,settled,2026-06-27 06:24:45,2026-06-29 03:16:08,11575688,11575688,2,0.102,CO,casamarket
txn_4205577f1fc5,cus_b18bde4353d3,furniture,MX,MXN,MXN,false,PSP_E,settled,2026-06-08 18:50:13,2026-06-14 21:42:50,27127,27127,1,0.151,MX,casamarket
txn_4230cda04b7d,cus_73148b821f84,lighting,CO,COP,COP,false,PSP_B,settled,2026-05-17 13:11:02,2026-05-19 18:26:14,15698112,15698112,1,0.583,CO,casamarket
txn_42430d64f954,cus_bfecb7525c1e,kitchen,MX,MXN,USD,true,PSP_A,settled,2026-05-02 16:03:37,2026-05-04 05:06:42,22917,22905,3,0.365,CA,casamarket
txn_430ba40bb24e,cus_39853fd8ee11,decor,CO,COP,COP,false,PSP_C,settled,2026-05-15 17:00:24,2026-05-17 20:21:11,64903239,64903239,3,0.072,CO,casamarket
txn_434b891eaea5,cus_1e2b04946c71,kitchen,CO,COP,USD,true,PSP_E,settled,2026-05-28 00:04:19,2026-06-02 16:43:39,7174988,7172538,1,0.141,GB,casamarket
txn_43716a0d5108,cus_59289bb973d4,furniture,CL,CLP,CLP,false,PSP_A,settled,2026-04-23 18:22:24,2026-04-26 12:40:33,58513,58513,1,0.38,CL,casamarket
txn_4373202b5f6a,cus_b676c390f055,decor,AR,ARS,ARS,false,PSP_B,pending,2026-06-30 04:04:31,,19584875,,4,0.042,AR,casamarket
txn_43bb23ce9aea,cus_42bd7ba6c80a,kitchen,AR,ARS,USD,true,PSP_C,settled,2026-06-18 22:50:01,2026-06-20 23:57:49,25175488,24996530,2,0.394,US,casamarket
txn_43e50770766d,cus_de0f7815dbb7,furniture,MX,MXN,MXN,false,PSP_A,settled,2026-05-31 01:26:46,2026-06-03 07:27:18,377595,377595,1,0.763,MX,casamarket
txn_440c15f0fc40,cus_61fe13cd99c3,lighting,MX,MXN,MXN,false,PSP_E,settled,2026-06-06 05:12:59,2026-06-08 06:02:17,45451,45451,2,0.039,MX,casamarket
txn_44e5bc8af5e6,cus_08fd6a53417d,decor,MX,MXN,MXN,false,PSP_B,settled,2026-06-13 03:40:47,2026-06-16 21:23:18,51766,51766,1,0.016,MX,casamarket
txn_453510db2f63,cus_77b812352af8,furniture,CO,COP,USD,true,PSP_A,settled,2026-06-06 10:03:07,2026-06-10 13:29:19,9618802,9609246,1,0.483,US,casamarket
txn_461eb6f455eb,cus_76bd7065674d,decor,MX,MXN,MXN,false,PSP_D,pending,2026-06-30 07:04:04,,474966,,4,0.51,MX,casamarket
txn_46686f2ce44b,cus_0e223d5e796f,bedding,MX,MXN,MXN,false,PSP_C,settled,2026-04-25 01:34:22,2026-04-27 03:50:23,572101,572101,1,0.408,MX,casamarket
txn_46a2f1e5c080,cus_229496d9ecbb,furniture,AR,ARS,ARS,false,PSP_A,settled,2026-04-20 06:37:40,2026-04-28 06:55:03,5894138,5894138,1,0.123,AR,casamarket
txn_4783cc065a2f,cus_41f2e68189f1,furniture,CL,CLP,CLP,false,PSP_D,settled,2026-06-08 15:31:28,2026-06-12 14:46:30,174660,170488,3,0.023,CL,casamarket
txn_478c7c0920ff,cus_1803ca2038db,furniture,MX,MXN,MXN,false,PSP_C,settled,2026-05-26 23:27:22,2026-05-31 23:05:50,42565,42565,1,0.482,MX,casamarket
txn_47963f1844d4,cus_73148b821f84,kitchen,AR,ARS,ARS,false,PSP_A,settled,2026-04-20 08:28:53,2026-04-23 02:40:32,1265699,1265699,1,0.107,AR,casamarket
txn_48e9266ee765,cus_170a54c72217,bedding,CL,CLP,CLP,false,PSP_B,settled,2026-04-27 23:01:13,2026-05-01 17:11:20,153231,153231,1,0.553,CL,casamarket
txn_48fdc81923e7,cus_ddda13908657,furniture,CO,COP,COP,false,PSP_B,settled,2026-04-28 01:22:03,2026-05-02 02:36:04,62780292,62780292,1,0.626,CO,casamarket
txn_495e357f8ad6,cus_42bd7ba6c80a,lighting,AR,ARS,USD,true,PSP_C,settled,2026-06-01 09:03:05,2026-06-05 08:22:18,7845113,7872084,1,0.216,GB,casamarket
txn_4971c7fdb9bd,cus_d8bf6f186722,furniture,MX,MXN,USD,true,PSP_C,settled,2026-05-27 22:37:10,2026-05-29 16:08:20,361760,361938,1,0.339,US,casamarket
txn_4ad4ede7466c,cus_6991670298ee,decor,CL,CLP,CLP,false,PSP_B,settled,2026-05-15 17:39:52,2026-05-20 08:16:03,181434,181434,2,0.431,CL,casamarket
txn_4bff92b477a7,cus_ad8f90364a1c,bedding,CL,CLP,CLP,false,PSP_C,settled,2026-06-01 22:36:48,2026-06-05 11:30:07,10962,10962,2,0.169,CL,casamarket
txn_4c9377279b43,cus_d20cad730bdb,bedding,CL,CLP,USD,true,PSP_B,settled,2026-04-25 21:18:13,2026-04-27 20:04:03,40496,40440,3,0.43,US,casamarket
txn_4cde9eba8f3d,cus_cbca9e143136,kitchen,MX,MXN,MXN,false,PSP_C,settled,2026-04-02 09:32:38,2026-04-04 18:01:34,94844,94844,3,0.119,MX,casamarket
txn_4d289795b4ef,cus_6631a9d1a1cc,bedding,CO,COP,COP,false,PSP_B,settled,2026-05-25 14:59:48,2026-05-28 16:05:25,11460545,11460545,1,0.126,CO,casamarket
txn_4d9ea6bb3990,cus_ad8f90364a1c,lighting,CO,COP,USD,true,PSP_A,failed,2026-05-15 01:31:20,,55775280,,1,0.58,US,casamarket
txn_4ec0bd8c36f3,cus_e8e86e74a686,kitchen,MX,MXN,MXN,false,PSP_A,settled,2026-04-02 09:35:16,2026-04-05 03:00:01,33629,33629,2,0.052,MX,casamarket
txn_4ef735b6c3ab,cus_ad8f90364a1c,lighting,MX,MXN,USD,true,PSP_C,settled,2026-06-14 14:16:59,2026-06-17 22:03:12,34552,34524,1,0.34,ES,casamarket
txn_4fed464b8b74,cus_ec6077853e3d,decor,MX,MXN,MXN,false,PSP_A,settled,2026-04-20 17:09:13,2026-04-24 16:32:22,87037,83317,4,0.465,MX,casamarket
txn_50886aeeeeed,cus_e02353aa9d95,furniture,CO,COP,COP,false,PSP_B,settled,2026-05-29 02:01:07,2026-05-30 13:04:05,98713105,98713105,1,0.361,CO,casamarket
txn_509152985826,cus_42bd7ba6c80a,furniture,MX,MXN,MXN,false,PSP_E,settled,2026-05-07 18:06:05,2026-05-10 16:28:04,75028,37514,2,0.347,MX,casamarket
txn_50fd1080f9e1,cus_fba50c1a225f,kitchen,CL,CLP,USD,true,PSP_D,settled,2026-05-10 21:16:58,2026-05-12 15:00:38,29553,29000,4,0.45,US,casamarket
txn_51f611bad9bd,cus_b8ca44100209,decor,MX,MXN,MXN,false,PSP_C,settled,2026-05-04 16:50:47,2026-05-08 01:35:59,48375,48375,3,0.568,MX,casamarket
txn_52233aff09a9,cus_e357d08c046e,kitchen,MX,MXN,MXN,false,PSP_A,settled,2026-04-06 12:20:33,2026-04-10 20:21:26,568503,568503,4,0.198,MX,casamarket
txn_52c18d9142b9,cus_e06dfa7f0e84,decor,CO,COP,COP,false,PSP_E,settled,2026-05-13 06:41:31,2026-05-15 01:25:55,19656381,19656381,2,0.314,CO,casamarket
txn_52eb3172832f,cus_3636b3544a7c,furniture,CO,COP,COP,false,PSP_C,settled,2026-04-05 20:28:58,2026-04-10 00:05:04,6132247,6132247,3,0.012,CO,casamarket
txn_53845b7831fa,cus_229496d9ecbb,furniture,CO,COP,COP,false,PSP_A,settled,2026-05-06 05:14:43,2026-05-10 23:44:07,6143446,6143446,2,0.128,CO,casamarket
txn_53eb34efc1c8,cus_124103926163,furniture,MX,MXN,MXN,false,PSP_A,settled,2026-04-24 04:57:29,2026-04-29 17:02:43,49222,46841,1,0.416,MX,casamarket
txn_53f2d1d35778,cus_afa0f6d8f3f1,kitchen,MX,MXN,MXN,false,PSP_E,settled,2026-05-05 16:46:55,2026-05-07 22:39:16,42746,41045,1,0.476,MX,casamarket
txn_54a73f676c90,cus_7abb13d16f6f,kitchen,CL,CLP,CLP,false,PSP_D,settled,2026-05-14 06:36:51,2026-05-16 18:20:02,14449,14449,1,0.446,CL,casamarket
txn_55638729cec8,cus_241a5d7920e5,decor,CO,COP,COP,false,PSP_C,settled,2026-04-05 00:57:49,2026-04-07 11:35:44,5269398,5269398,4,0.094,CO,casamarket
txn_55c5a1d582ef,cus_0cefed3285e4,furniture,MX,MXN,USD,true,PSP_D,settled,2026-06-25 19:10:35,2026-06-30 07:11:31,108337,108555,1,0.247,US,casamarket
txn_5616d403cb31,cus_bad52c06fe35,bedding,AR,ARS,ARS,false,PSP_A,settled,2026-06-24 04:37:27,2026-06-26 08:42:13,2271514,2271514,2,0.103,AR,casamarket
txn_56c93616faef,cus_e723f9a52b6b,kitchen,MX,MXN,MXN,false,PSP_A,settled,2026-06-15 17:53:17,2026-06-20 17:40:53,150512,150512,1,0.335,MX,casamarket
txn_56c9be451a40,cus_de0f7815dbb7,decor,AR,ARS,ARS,false,PSP_B,settled,2026-05-01 15:58:43,2026-05-05 11:14:45,5783440,5783440,4,0.134,AR,casamarket
txn_56ca4099e5a1,cus_20d7d3b59a3f,kitchen,MX,MXN,MXN,false,PSP_B,settled,2026-04-14 23:17:28,2026-04-18 22:37:36,80582,40291,2,0.038,MX,casamarket
txn_56f8ef60db8e,cus_462dabef99f2,furniture,CO,COP,USD,true,PSP_E,settled,2026-04-23 11:35:44,2026-04-27 07:07:49,4903441,4904386,1,0.377,US,casamarket
txn_576f0d327d17,cus_e2bd92f6bc19,bedding,AR,ARS,USD,true,PSP_C,settled,2026-05-01 03:30:30,2026-05-04 22:28:14,2675540,1785389,3,0.191,ES,casamarket
txn_57b7ee076de0,cus_c971b6acd506,decor,MX,MXN,MXN,false,PSP_C,settled,2026-06-07 20:12:09,2026-06-14 01:27:38,22565,21807,1,0.291,MX,casamarket
txn_5846dc85c1aa,cus_1908a25af831,decor,CL,CLP,CLP,false,PSP_A,settled,2026-05-05 13:54:59,2026-05-09 06:45:37,77685,77685,2,0.272,CL,casamarket
txn_586b0bca3e96,cus_3ef1b3d5124f,furniture,CL,CLP,USD,true,PSP_D,settled,2026-05-27 06:28:11,2026-05-28 15:30:33,17249,17000,3,0.499,ES,casamarket
txn_594eee836688,cus_c12bb4871644,kitchen,CL,CLP,CLP,false,PSP_D,settled,2026-04-26 19:02:46,2026-04-29 06:45:37,37311,37311,2,0.441,CL,casamarket
txn_5a1814abc44b,cus_e2bd92f6bc19,furniture,MX,MXN,MXN,false,PSP_A,settled,2026-05-11 03:36:52,2026-05-14 09:35:28,96381,96381,2,0.092,MX,casamarket
txn_5a2a99151ad5,cus_73148b821f84,kitchen,MX,MXN,USD,true,PSP_D,settled,2026-06-03 04:51:34,2026-06-06 12:44:30,116309,116235,1,0.386,US,casamarket
txn_5aec16065382,cus_441a9969a2ea,kitchen,MX,MXN,MXN,false,PSP_B,settled,2026-04-09 01:02:39,2026-04-13 13:58:30,332404,332404,1,0.228,MX,casamarket
txn_5aef8e5481aa,cus_f1f53cf96a97,decor,CL,CLP,CLP,false,PSP_B,settled,2026-05-09 13:06:37,2026-05-12 00:39:46,165256,165256,1,0.006,CL,casamarket
txn_5c131718c589,cus_cd7f18fb89f2,kitchen,AR,ARS,ARS,false,PSP_E,settled,2026-06-23 09:29:05,2026-06-24 17:38:03,19629098,19629098,4,0.29,AR,casamarket
txn_5c7e15aaa730,cus_eaf8df6bd06f,bedding,CL,CLP,CLP,false,PSP_B,settled,2026-04-05 07:29:13,2026-04-07 13:28:26,27775,27775,1,0.312,CL,casamarket
txn_5e4bcd9af04e,cus_07e897ccc01b,furniture,CO,COP,COP,false,PSP_A,settled,2026-06-27 11:23:34,2026-06-30 23:29:30,53399729,53399729,1,0.046,CO,casamarket
txn_5e6ed0457808,cus_c77e3c2a68d7,kitchen,AR,ARS,USD,true,PSP_D,settled,2026-06-14 10:06:35,2026-06-17 05:02:23,1292866,1293392,1,0.253,US,casamarket
txn_5e7608a905f9,cus_e858cb4e3635,kitchen,AR,ARS,ARS,false,PSP_C,settled,2026-05-16 22:02:41,2026-05-20 15:23:53,1519474,1447871,1,0.161,AR,casamarket
txn_5fabfba84e5e,cus_9b3a98583c42,lighting,MX,MXN,MXN,false,PSP_A,settled,2026-05-14 09:40:50,2026-05-15 18:30:50,321643,321643,2,0.017,MX,casamarket
txn_60b9f7c50180,cus_f5eb9ab0742b,decor,CL,CLP,CLP,false,PSP_B,settled,2026-05-01 21:48:48,2026-05-06 18:38:04,165984,165984,2,0.677,CL,casamarket
txn_60d1bfdda81b,cus_07e897ccc01b,kitchen,AR,ARS,ARS,false,PSP_A,settled,2026-05-30 21:31:17,2026-06-01 17:12:43,1781988,1781988,1,0.621,AR,casamarket
txn_60ed4d14e996,cus_0cefed3285e4,furniture,MX,MXN,MXN,false,PSP_B,settled,2026-06-17 13:09:33,2026-06-21 02:52:47,168683,168683,4,0.171,MX,casamarket
txn_60fd7d8a044f,cus_85a9fd7670a3,furniture,CO,COP,COP,false,PSP_A,settled,2026-06-08 23:31:04,2026-06-14 02:03:45,35558548,35558548,1,0.109,CO,casamarket
txn_629a5a536b0f,cus_a46aa78d86c4,furniture,CO,COP,COP,false,PSP_B,settled,2026-06-21 16:46:39,2026-06-26 02:41:03,58453527,58453527,1,0.686,CO,casamarket
txn_62cbbcddaa22,cus_13e71311e1a7,decor,CO,COP,COP,false,PSP_A,settled,2026-06-12 02:39:23,2026-06-14 11:07:22,76279809,75682970,2,0.258,CO,casamarket
txn_635e0cb9546c,cus_13e71311e1a7,lighting,CL,CLP,CLP,false,PSP_B,settled,2026-06-04 02:32:12,2026-06-07 10:20:20,66587,66587,1,0.35,CL,casamarket
txn_63cfcbd5dcd7,cus_3636b3544a7c,lighting,CO,COP,COP,false,PSP_C,settled,2026-05-05 16:59:59,2026-05-08 21:38:24,17007584,17007585,1,0.161,CO,casamarket
txn_644f79e56738,cus_d9daf27f9d3e,furniture,AR,ARS,ARS,false,PSP_E,settled,2026-04-09 09:29:26,2026-04-12 03:01:22,1012064,1012064,1,0.33,AR,casamarket
txn_648a4820f8a0,cus_652564dedb91,decor,MX,MXN,MXN,false,PSP_B,settled,2026-05-23 16:52:14,2026-05-25 04:34:24,88126,88126,3,0.045,MX,casamarket
txn_64e1e6a152df,cus_c971b6acd506,kitchen,MX,MXN,MXN,false,PSP_D,settled,2026-04-23 18:01:27,2026-04-27 00:19:32,94991,94991,4,0.188,MX,casamarket
txn_6887db8c699d,cus_bea94eb9fc0a,lighting,AR,ARS,ARS,false,PSP_A,settled,2026-04-08 21:34:19,2026-04-10 21:58:08,9959102,9959101,2,0.026,AR,casamarket
txn_68b686c30d2b,cus_385c447e7498,kitchen,MX,MXN,MXN,false,PSP_A,settled,2026-05-16 08:14:30,2026-05-22 14:18:45,108392,108392,4,0.001,MX,casamarket
txn_6989c7854edd,cus_d92f7b293f87,lighting,AR,ARS,ARS,false,PSP_A,settled,2026-06-14 15:06:31,2026-06-19 08:09:59,2869787,2869787,1,0.318,AR,casamarket
txn_69d51f698d1c,cus_4a3291883fab,decor,CO,COP,COP,false,PSP_A,settled,2026-04-20 05:14:49,2026-04-23 06:29:44,63487503,62115443,2,0.105,CO,casamarket
txn_69f7565f2990,cus_20d7d3b59a3f,lighting,MX,MXN,MXN,false,PSP_C,settled,2026-06-16 00:45:37,2026-06-17 05:20:56,262329,262329,1,0.11,MX,casamarket
txn_6a0789bdfa96,cus_9e714dd01955,lighting,CO,COP,COP,false,PSP_B,settled,2026-06-22 12:40:29,2026-06-23 22:17:22,44659011,44659011,1,0.205,CO,casamarket
txn_6a1316bbb0a5,cus_b05bd87873d1,furniture,CO,COP,COP,false,PSP_B,settled,2026-04-06 05:07:22,2026-04-11 21:55:50,7439879,7439879,2,0.808,CO,casamarket
txn_6a899265bcc8,cus_4a1810b83cec,furniture,AR,ARS,ARS,false,PSP_C,settled,2026-04-23 15:08:23,2026-04-25 20:20:26,7479525,7479525,1,0.26,AR,casamarket
txn_6ad121f07b22,cus_657cd859d75a,furniture,AR,ARS,ARS,false,PSP_C,settled,2026-06-10 09:45:41,2026-06-13 17:37:38,6764497,6764497,1,0.214,AR,casamarket
txn_6af139590d4d,cus_948a9f72bc21,lighting,CO,COP,COP,false,PSP_D,settled,2026-06-05 22:49:26,2026-06-08 13:35:48,100136593,100136593,4,0.429,CO,casamarket
txn_6b93b34c7d05,cus_652564dedb91,bedding,AR,ARS,ARS,false,PSP_A,settled,2026-04-03 02:52:03,2026-04-07 06:42:50,22868661,22868661,1,0.599,AR,casamarket
txn_6bd903b2dab2,cus_5897a381b45e,kitchen,MX,MXN,MXN,false,PSP_A,settled,2026-04-10 18:31:21,2026-04-13 23:52:58,64860,64860,1,0.027,MX,casamarket
txn_6c74a9778c3b,cus_e357d08c046e,furniture,AR,ARS,USD,true,PSP_A,settled,2026-04-17 18:53:09,2026-04-21 07:51:24,1083199,1087308,1,0.119,BR,casamarket
txn_6cd386add9b9,cus_67423bf2a710,decor,MX,MXN,MXN,false,PSP_A,settled,2026-06-22 05:58:05,2026-06-26 19:34:14,163513,163513,1,0.519,MX,casamarket
txn_6d0c6ee2eab0,cus_b676c390f055,lighting,AR,ARS,ARS,false,PSP_D,settled,2026-04-21 00:44:18,2026-04-24 04:25:03,8482012,8482012,1,0.001,AR,casamarket
txn_6dd96c73b601,cus_d4605d5eef51,bedding,CL,CLP,CLP,false,PSP_A,settled,2026-04-26 11:08:45,2026-05-01 10:34:03,19755,19755,1,0.611,CL,casamarket
txn_6e93fda7a56b,cus_919f179efc21,furniture,MX,MXN,MXN,false,PSP_B,pending,2026-06-30 21:32:15,,54032,,1,0.158,MX,casamarket
txn_6f3183282b7a,cus_ad8f90364a1c,lighting,CL,CLP,CLP,false,PSP_C,settled,2026-04-14 12:41:59,2026-04-16 12:36:05,88764,88764,1,0.211,CL,casamarket
txn_6fa6a2f7df51,cus_870776972ff3,decor,CL,CLP,CLP,false,PSP_A,settled,2026-04-02 19:59:43,2026-04-05 13:06:36,22557,22557,1,0.305,CL,casamarket
txn_706e00c7534d,cus_a3729b9f4eba,kitchen,AR,ARS,USD,true,PSP_B,settled,2026-05-03 02:16:35,2026-05-08 18:36:30,3536609,3546097,3,0.127,US,casamarket
txn_7097534df04d,cus_dd773573d178,lighting,AR,ARS,ARS,false,PSP_B,settled,2026-06-07 21:01:23,2026-06-13 20:06:46,3044675,3044675,1,0.492,AR,casamarket
txn_70e2ed5254a5,cus_d20cad730bdb,decor,AR,ARS,ARS,false,PSP_B,settled,2026-05-17 13:04:41,2026-05-20 01:49:36,19261768,19261768,1,0.082,AR,casamarket
txn_70ea734f35c1,cus_90430f1151fa,kitchen,CO,COP,COP,false,PSP_B,settled,2026-05-19 17:49:52,2026-05-23 09:38:42,4920312,4920312,1,0.696,CO,casamarket
txn_7151e7947db1,cus_ddda13908657,furniture,CO,COP,COP,false,PSP_E,settled,2026-05-14 18:47:50,2026-05-17 12:51:02,29926871,29926871,1,0.132,CO,casamarket
txn_715eb7a0acc4,cus_d3c6f5098725,kitchen,MX,MXN,MXN,false,PSP_A,settled,2026-04-01 08:44:34,2026-04-06 04:46:14,150192,150192,3,0.189,MX,casamarket
txn_71d713193a98,cus_870776972ff3,lighting,MX,MXN,MXN,false,PSP_B,settled,2026-06-10 06:43:43,2026-06-14 01:53:54,220300,220300,2,0.107,MX,casamarket
txn_71e770ec5dd0,cus_241a5d7920e5,decor,MX,MXN,MXN,false,PSP_D,settled,2026-06-19 22:14:21,2026-06-26 07:46:33,644751,644751,1,0.484,MX,casamarket
txn_723f8f30fc42,cus_cfcf00ded652,furniture,AR,ARS,ARS,false,PSP_B,settled,2026-06-07 13:49:18,2026-06-10 10:55:08,1535874,1485311,1,0.017,AR,casamarket
txn_724694ee0908,cus_61fe13cd99c3,bedding,CO,COP,COP,false,PSP_C,settled,2026-05-20 03:56:11,2026-05-22 13:57:07,83225491,83225491,1,0.347,CO,casamarket
txn_726407c6c054,cus_12f571c01673,kitchen,MX,MXN,USD,true,PSP_A,settled,2026-06-25 11:20:49,2026-06-28 19:31:28,130653,130658,2,0.342,US,casamarket
txn_72be4a1da8c3,cus_e858cb4e3635,bedding,CL,CLP,USD,true,PSP_C,failed,2026-05-23 04:34:49,,98994,,1,0.253,US,casamarket
txn_72c0aa9329cf,cus_5a1ffe34646c,decor,MX,MXN,MXN,false,PSP_B,settled,2026-05-26 03:21:47,2026-05-28 22:29:22,228404,228404,2,0.227,MX,casamarket
txn_7358faa7835b,cus_563c3aff351d,furniture,MX,MXN,USD,true,PSP_C,settled,2026-06-16 04:26:53,2026-06-19 13:50:31,282714,279709,1,0.457,US,casamarket
txn_73d3c751aecc,cus_c7e505bc1f2b,decor,MX,MXN,MXN,false,PSP_B,settled,2026-04-29 13:02:54,2026-05-04 12:59:37,506547,506547,1,0.392,MX,casamarket
txn_73d78f4f13ed,cus_3ee62da8cc8e,furniture,MX,MXN,MXN,false,PSP_A,settled,2026-04-26 07:30:23,2026-04-28 07:11:42,278263,278263,1,0.253,MX,casamarket
txn_7473f5a2933e,cus_1ebf91fc2ff9,kitchen,MX,MXN,USD,true,PSP_A,settled,2026-04-14 10:40:28,2026-04-17 19:08:53,478374,479132,1,0.131,GB,casamarket
txn_7491f4e5c395,cus_bad52c06fe35,lighting,MX,MXN,MXN,false,PSP_D,settled,2026-04-02 03:41:32,2026-04-05 12:59:58,314329,314329,1,0.101,MX,casamarket
txn_74e0490d55f7,cus_c52b603a3fdf,bedding,CL,CLP,USD,true,PSP_C,settled,2026-04-22 21:11:39,2026-04-25 12:09:46,161286,161508,2,0.031,GB,casamarket
txn_7558260bcceb,cus_a46aa78d86c4,bedding,AR,ARS,ARS,false,PSP_E,settled,2026-04-21 13:59:47,2026-04-26 19:39:40,2179673,2179673,1,0.171,AR,casamarket
txn_76c39c66ba6c,cus_41f2e68189f1,bedding,MX,MXN,MXN,false,PSP_C,settled,2026-04-26 04:01:59,2026-05-01 17:49:29,229566,229566,1,0.065,MX,casamarket
txn_776d26ac75d2,cus_4d2354b9c7ab,furniture,CL,CLP,USD,true,PSP_B,failed,2026-05-24 22:14:46,,96294,,1,0.021,US,casamarket
txn_77e3dac48eb0,cus_170a54c72217,furniture,MX,MXN,USD,true,PSP_A,settled,2026-05-14 22:40:14,2026-05-18 09:45:23,45149,45067,1,0.611,US,casamarket
txn_78bd695a35fe,cus_919f179efc21,decor,AR,ARS,USD,true,PSP_B,settled,2026-04-17 05:12:13,2026-04-19 08:08:06,1100329,1101635,4,0.258,US,casamarket
txn_78f3b50e861a,cus_229496d9ecbb,furniture,MX,MXN,MXN,false,PSP_A,settled,2026-06-14 19:31:33,2026-06-19 13:58:03,202918,202918,1,0.192,MX,casamarket
txn_78f96dcdf5ff,cus_a3729b9f4eba,furniture,MX,MXN,MXN,false,PSP_A,settled,2026-05-25 23:32:43,2026-05-29 16:12:04,132755,132755,1,0.092,MX,casamarket
txn_799187424a84,cus_54881275b067,bedding,CL,CLP,CLP,false,PSP_A,failed,2026-04-01 02:56:55,,13870,,4,0.651,CL,casamarket
txn_799b1225dd5e,cus_c9accad1843e,furniture,MX,MXN,MXN,false,PSP_C,settled,2026-05-27 14:02:09,2026-06-01 17:58:00,24840,24840,1,0.02,MX,casamarket
txn_79ada1046a47,cus_dd773573d178,kitchen,MX,MXN,MXN,false,PSP_A,failed,2026-06-18 04:26:44,,49419,,1,0.337,MX,casamarket
txn_7a2bef9cebc3,cus_d791e8d2ccad,kitchen,CO,COP,COP,false,PSP_C,settled,2026-06-21 00:19:23,2026-06-25 15:07:49,7585480,7585480,1,0.049,CO,casamarket
txn_7ad4131e00ce,cus_c12bb4871644,furniture,CO,COP,COP,false,PSP_A,settled,2026-04-06 14:44:17,2026-04-10 08:10:28,8681198,8681198,3,0.102,CO,casamarket
txn_7b49961dab2a,cus_e06dfa7f0e84,lighting,AR,ARS,USD,true,PSP_C,settled,2026-06-11 12:04:28,2026-06-13 12:27:04,18519869,18382166,1,0.021,US,casamarket
txn_7b7cfe6c41d7,cus_fd650b6f0faf,decor,CO,COP,COP,false,PSP_A,settled,2026-04-22 12:37:42,2026-04-24 07:29:12,9535526,9535526,1,0.228,CO,casamarket
txn_7c6d76233d77,cus_8159d410ac21,bedding,AR,ARS,USD,true,PSP_B,settled,2026-04-25 20:28:29,2026-04-27 23:55:36,5877579,5892881,1,0.457,US,casamarket
txn_7d407bc9b081,cus_20d7d3b59a3f,lighting,CO,COP,COP,false,PSP_A,settled,2026-04-08 13:07:57,2026-04-10 19:03:52,21635452,21635452,1,0.2,CO,casamarket
txn_7de76de8ee06,cus_7abb13d16f6f,decor,MX,MXN,MXN,false,PSP_E,settled,2026-06-20 20:00:02,2026-06-23 14:57:21,313639,313639,2,0.013,MX,casamarket
txn_7e56727f55ba,cus_cbca9e143136,lighting,CL,CLP,CLP,false,PSP_A,settled,2026-04-02 10:56:44,2026-04-08 13:29:16,192025,192025,2,0.12,CL,casamarket
txn_7e7af3cbdf09,cus_e22f02e87ae4,decor,CO,COP,COP,false,PSP_E,settled,2026-05-26 23:12:47,2026-05-29 21:39:43,44434881,44434881,1,0.761,CO,casamarket
txn_7e9e1eca9086,cus_8802cd4e8c33,furniture,CO,COP,COP,false,PSP_C,settled,2026-04-08 23:23:43,2026-04-11 12:54:41,44366117,44366117,2,0.381,CO,casamarket
txn_7fcb31588a5e,cus_33580fe7218a,decor,MX,MXN,MXN,false,PSP_C,settled,2026-05-16 20:35:22,2026-05-20 07:02:18,224694,224694,2,0.62,MX,casamarket
txn_800dbd54f1c9,cus_f1f53cf96a97,kitchen,CO,COP,COP,false,PSP_E,settled,2026-06-07 19:41:38,2026-06-11 17:27:03,5624417,5624417,1,0.247,CO,casamarket
txn_809e2350baf7,cus_4a3291883fab,kitchen,CL,CLP,CLP,false,PSP_C,settled,2026-04-09 14:30:31,2026-04-13 12:05:40,23697,23697,1,0.376,CL,casamarket
txn_80a4a131bd8a,cus_948a9f72bc21,bedding,CL,CLP,CLP,false,PSP_D,settled,2026-05-14 05:25:29,2026-05-20 16:26:19,21736,21736,1,0.189,CL,casamarket
txn_80af979c5fdd,cus_cd7f18fb89f2,furniture,MX,MXN,MXN,false,PSP_C,settled,2026-06-12 10:00:58,2026-06-15 01:07:11,125449,125449,4,0.078,MX,casamarket
txn_810a5509c9eb,cus_80bc69704f05,decor,MX,MXN,MXN,false,PSP_B,settled,2026-05-15 07:42:26,2026-05-19 10:58:18,20008,20008,1,0.301,MX,casamarket
txn_8114850a0b7f,cus_652564dedb91,decor,CO,COP,COP,false,PSP_A,settled,2026-05-14 05:51:10,2026-05-16 17:59:01,4052095,4052095,1,0.021,CO,casamarket
txn_8129e077e182,cus_35ffcbcc2928,lighting,AR,ARS,ARS,false,PSP_B,failed,2026-05-04 16:43:44,,14772226,,1,0.464,AR,casamarket
txn_8168a1fd2ca5,cus_f8ebaf07435b,furniture,CO,COP,USD,true,PSP_B,settled,2026-06-13 08:17:00,2026-06-26 15:01:17,26339386,26337409,2,0.463,US,casamarket
txn_81f71ea507a1,cus_297500b415c6,furniture,MX,MXN,MXN,false,PSP_A,settled,2026-04-18 17:39:06,2026-04-23 20:03:54,22157,22157,3,0.343,MX,casamarket
txn_82843e2cb905,cus_70f3f95af9a8,decor,MX,MXN,MXN,false,PSP_B,settled,2026-04-07 15:55:48,2026-04-12 08:17:36,207669,201801,1,0.016,MX,casamarket
txn_83225af88243,cus_c77e3c2a68d7,bedding,CL,CLP,CLP,false,PSP_D,settled,2026-06-07 17:46:38,2026-06-09 15:33:36,54284,52925,3,0.112,CL,casamarket
txn_83dfc7eea1e6,cus_2291db4e4690,furniture,AR,ARS,ARS,false,PSP_A,pending,2026-06-28 05:45:35,,5844226,,1,0.022,AR,casamarket
txn_8404178b68ed,cus_bea94eb9fc0a,decor,CL,CLP,CLP,false,PSP_B,settled,2026-06-13 21:49:26,2026-06-16 08:50:21,10221,10221,1,0.123,CL,casamarket
txn_84e824d71c9c,cus_cbca9e143136,kitchen,MX,MXN,MXN,false,PSP_B,settled,2026-05-31 23:29:00,2026-06-04 22:09:12,465358,445608,1,0.339,MX,casamarket
txn_85236ecebb34,cus_3397cbd04f79,furniture,AR,ARS,ARS,false,PSP_B,failed,2026-06-22 21:03:27,,36123337,,1,0.021,AR,casamarket
txn_8599b1ab8aad,cus_7edff9729afd,lighting,MX,MXN,USD,true,PSP_A,settled,2026-04-21 02:03:23,2026-04-25 15:38:18,583105,565873,1,0.692,US,casamarket
txn_85a07d1f4ca3,cus_7edff9729afd,bedding,MX,MXN,MXN,false,PSP_C,settled,2026-05-31 03:00:48,2026-06-03 14:28:25,126916,126916,1,0.117,MX,casamarket
txn_86c616a7ed34,cus_3f10f0c5c157,decor,CO,COP,COP,false,PSP_A,failed,2026-04-09 04:51:33,,4751527,,3,0.256,CO,casamarket
txn_86da9c491bfe,cus_e723f9a52b6b,bedding,AR,ARS,USD,true,PSP_C,settled,2026-05-07 07:04:37,2026-05-09 15:32:45,2199538,2205264,1,0.684,US,casamarket
txn_874e82c0610e,cus_cbec1ff86bb3,bedding,MX,MXN,MXN,false,PSP_A,settled,2026-05-06 12:44:06,2026-05-09 20:41:52,32842,32842,2,0.558,MX,casamarket
txn_875619b4f57f,cus_a3a5e909c95f,bedding,CO,COP,COP,false,PSP_D,settled,2026-04-17 18:49:47,2026-04-20 14:58:27,6771080,6771080,1,0.526,CO,casamarket
txn_87cafe3ed8cd,cus_9e714dd01955,kitchen,CL,CLP,CLP,false,PSP_B,settled,2026-04-20 05:18:23,2026-04-22 20:18:07,201212,201212,1,0.195,CL,casamarket
txn_87dd7b4a5446,cus_30438474cbf7,bedding,CO,COP,COP,false,PSP_D,settled,2026-06-02 09:43:24,2026-06-03 13:58:09,7437740,7437740,1,0.431,CO,casamarket
txn_88259bb3cc81,cus_f8ebaf07435b,furniture,CO,COP,COP,false,PSP_C,settled,2026-04-16 01:32:58,2026-04-17 07:50:03,4826593,4826593,1,0.478,CO,casamarket
txn_88830f3dd34d,cus_e858cb4e3635,decor,CL,CLP,CLP,false,PSP_B,settled,2026-06-14 04:45:35,2026-06-17 17:18:22,99022,99022,3,0.351,CL,casamarket
txn_88ae0a1fb159,cus_afa0f6d8f3f1,bedding,MX,MXN,MXN,false,PSP_B,settled,2026-04-08 02:55:03,2026-04-12 14:28:00,27655,27655,1,0.263,MX,casamarket
txn_8984258cde90,cus_c64034b715c4,decor,MX,MXN,MXN,false,PSP_B,settled,2026-05-07 11:09:53,2026-05-10 12:08:16,57501,57501,2,0.513,MX,casamarket
txn_8bb96fbb76bf,cus_8802cd4e8c33,kitchen,AR,ARS,ARS,false,PSP_B,settled,2026-05-18 11:45:05,2026-05-31 08:52:46,1497874,1497874,1,0.054,AR,casamarket
txn_8c076442f5b8,cus_e858cb4e3635,kitchen,CL,CLP,CLP,false,PSP_B,settled,2026-05-04 23:12:48,2026-05-08 18:48:40,237610,237610,1,0.111,CL,casamarket
txn_8c1aba70a30b,cus_77de036e69ff,kitchen,CL,CLP,CLP,false,PSP_C,settled,2026-04-30 20:30:26,2026-05-05 07:24:56,54040,54040,1,0.508,CL,casamarket
txn_8cab9d08564e,cus_eaf8df6bd06f,furniture,MX,MXN,USD,true,PSP_C,settled,2026-04-23 22:04:33,2026-04-26 20:25:15,339727,340047,1,0.017,US,casamarket
txn_8ce200533101,cus_5897a381b45e,lighting,CL,CLP,CLP,false,PSP_A,settled,2026-04-10 16:21:10,2026-04-16 14:04:11,95195,95195,4,0.595,CL,casamarket
txn_8dd1b501fc13,cus_76bd7065674d,decor,MX,MXN,MXN,false,PSP_E,pending,2026-06-26 13:35:43,,451398,,1,0.184,MX,casamarket
txn_8e627cbf195a,cus_a89232154b4c,kitchen,MX,MXN,USD,true,PSP_A,failed,2026-04-21 03:53:01,,86143,,1,0.12,ES,casamarket
txn_8f8f1b2414a1,cus_06426909f2ad,furniture,MX,MXN,USD,true,PSP_E,settled,2026-04-21 22:03:29,2026-04-24 17:59:09,60486,58254,1,0.104,US,casamarket
txn_8fdfd5517197,cus_4a3291883fab,kitchen,CO,COP,USD,true,PSP_E,settled,2026-05-18 18:11:15,2026-05-21 12:22:08,52088072,52041398,2,0.075,US,casamarket
txn_905949565a6e,cus_5508a332d375,furniture,AR,ARS,USD,true,PSP_A,failed,2026-06-09 10:30:31,,25414769,,2,0.015,GB,casamarket
txn_90d7a0b89bbf,cus_afa0f6d8f3f1,decor,MX,MXN,MXN,false,PSP_B,settled,2026-05-29 17:31:12,2026-06-01 09:52:44,191304,191304,2,0.765,MX,casamarket
txn_91ea664a372a,cus_5508a332d375,lighting,AR,ARS,ARS,false,PSP_E,settled,2026-06-20 21:38:30,2026-06-27 04:19:27,19364061,19364061,2,0.463,AR,casamarket
txn_92643c5ba35e,cus_dc9fdea3bdb6,furniture,MX,MXN,MXN,false,PSP_D,settled,2026-05-08 19:51:09,2026-05-10 14:57:46,554447,554447,2,0.021,MX,casamarket
txn_926b5b300e42,cus_bfecb7525c1e,kitchen,MX,MXN,MXN,false,PSP_A,settled,2026-04-03 06:06:53,2026-04-06 23:46:38,200277,200277,3,0.569,MX,casamarket
txn_94ec1487ec52,cus_9e714dd01955,lighting,MX,MXN,MXN,false,PSP_A,settled,2026-05-16 14:38:26,2026-05-21 19:33:55,445804,445804,1,0.275,MX,casamarket
txn_951b193ca388,cus_a3729b9f4eba,lighting,MX,MXN,MXN,false,PSP_B,settled,2026-05-07 13:18:36,2026-05-12 11:34:10,42253,42253,1,0.313,MX,casamarket
txn_958ba68e4da6,cus_b18bde4353d3,furniture,CO,COP,COP,false,PSP_B,settled,2026-04-19 12:25:32,2026-04-22 21:57:34,46057320,46057320,1,0.651,CO,casamarket
txn_9667ad6e4a33,cus_c7e505bc1f2b,bedding,CO,COP,COP,false,PSP_C,failed,2026-04-10 12:20:30,,48437167,,1,0.076,CO,casamarket
txn_966f3ee61ee0,cus_728854d56a20,kitchen,CO,COP,COP,false,PSP_D,settled,2026-05-04 22:02:03,2026-05-07 05:42:51,42596542,42596542,2,0.463,CO,casamarket
txn_97f0a34b348d,cus_9c3ef0a671fd,furniture,MX,MXN,MXN,false,PSP_A,settled,2026-05-01 09:46:28,2026-05-03 07:47:00,222641,216665,3,0.014,MX,casamarket
txn_990d17ce5641,cus_9b3a98583c42,kitchen,CO,COP,USD,true,PSP_D,settled,2026-04-19 05:23:29,2026-04-22 00:45:20,81349087,81400000,1,0.074,US,casamarket
txn_9974090b324c,cus_bad52c06fe35,decor,MX,MXN,USD,true,PSP_A,settled,2026-04-30 19:17:10,2026-05-03 00:04:00,223808,223427,2,0.304,US,casamarket
txn_99f390bcfadb,cus_eada6ff56489,lighting,CO,COP,USD,true,PSP_A,settled,2026-05-26 14:02:26,2026-05-30 23:23:11,90509544,88242501,1,0.156,GB,casamarket
txn_9a1c7916a45d,cus_170a54c72217,bedding,AR,ARS,ARS,false,PSP_C,settled,2026-04-27 16:35:34,2026-04-30 19:20:03,40640557,40640557,1,0.041,AR,casamarket
txn_9a378eefcd87,cus_4b8660fd1c8d,kitchen,MX,MXN,MXN,false,PSP_D,settled,2026-06-08 21:06:43,2026-06-10 18:24:37,84351,42176,2,0.333,MX,casamarket
txn_9a78d0159eef,cus_7953a7e8a8c7,decor,MX,MXN,MXN,false,PSP_D,settled,2026-04-23 08:03:09,2026-04-26 21:26:50,63983,63983,2,0.342,MX,casamarket
txn_9b45b00f39ef,cus_c77e3c2a68d7,bedding,AR,ARS,ARS,false,PSP_B,settled,2026-04-06 12:51:08,2026-04-08 21:12:13,3206172,3206172,3,0.411,AR,casamarket
txn_9b47ee6c84d9,cus_7953a7e8a8c7,kitchen,CO,COP,USD,true,PSP_A,settled,2026-06-25 03:14:35,2026-06-28 22:05:24,13898949,13918257,1,0.249,US,casamarket
txn_9c4371963f66,cus_c12bb4871644,lighting,MX,MXN,MXN,false,PSP_A,settled,2026-06-16 13:06:44,2026-06-21 02:12:44,389770,389770,2,0.237,MX,casamarket
txn_9c4b2b899635,cus_3d03c0fcfc9d,bedding,AR,ARS,ARS,false,PSP_D,settled,2026-05-08 18:58:28,2026-05-14 22:49:58,21302110,21302110,1,0.074,AR,casamarket
txn_9cc8d2e9ed35,cus_8159d410ac21,bedding,MX,MXN,USD,true,PSP_D,settled,2026-06-24 07:24:22,2026-06-26 08:16:14,34590,34652,1,0.254,BR,casamarket
txn_9cf4bd27730b,cus_728854d56a20,furniture,CL,CLP,CLP,false,PSP_C,settled,2026-06-20 05:57:58,2026-06-21 21:10:54,64126,62726,1,0.097,CL,casamarket
txn_9d23d93c0f78,cus_1803ca2038db,decor,CL,CLP,CLP,false,PSP_A,settled,2026-05-18 00:51:53,2026-05-23 13:45:56,284973,284973,1,0.196,CL,casamarket
txn_9d48686aaf76,cus_9c3ef0a671fd,bedding,CO,COP,COP,false,PSP_E,settled,2026-06-22 15:49:37,2026-06-25 21:11:18,7715871,7715871,1,0.006,CO,casamarket
txn_9d5f6323f02f,cus_39853fd8ee11,lighting,MX,MXN,MXN,false,PSP_B,settled,2026-05-25 11:54:24,2026-05-27 11:37:39,77259,77259,1,0.375,MX,casamarket
txn_9e608ab796ff,cus_ddda13908657,kitchen,CL,CLP,CLP,false,PSP_A,settled,2026-04-05 17:08:32,2026-04-06 22:13:16,271909,271909,1,0.26,CL,casamarket
txn_9ea5ee0e1528,cus_f5eb9ab0742b,lighting,CO,COP,COP,false,PSP_B,settled,2026-04-07 21:38:17,2026-04-12 00:28:23,5694655,5694655,3,0.489,CO,casamarket
txn_a06b6d8266d6,cus_b8ca44100209,lighting,MX,MXN,MXN,false,PSP_A,settled,2026-05-25 10:17:33,2026-05-28 21:56:35,35923,35923,1,0.039,MX,casamarket
txn_a07ff2d64ea8,cus_8de5a8ff56d6,furniture,CO,COP,COP,false,PSP_D,settled,2026-05-16 11:17:18,2026-05-26 00:58:41,42484229,42484229,1,0.43,CO,casamarket
txn_a102bcbc9921,cus_30438474cbf7,kitchen,CO,COP,COP,false,PSP_B,settled,2026-04-12 15:17:42,2026-04-18 12:00:08,6304935,6304935,4,0.605,CO,casamarket
txn_a1e20546806e,cus_4a1810b83cec,bedding,AR,ARS,USD,true,PSP_C,settled,2026-05-02 11:20:15,2026-05-05 06:24:32,1421917,1422549,1,0.09,US,casamarket
txn_a2fcd2ce9361,cus_4b8660fd1c8d,kitchen,AR,ARS,ARS,false,PSP_E,settled,2026-05-13 17:43:58,2026-05-19 08:52:41,7584583,7584583,3,0.08,AR,casamarket
txn_a39749895744,cus_7953a7e8a8c7,kitchen,CO,COP,COP,false,PSP_B,settled,2026-06-23 06:39:44,2026-06-28 02:32:56,20411768,15308826,4,0.427,CO,casamarket
txn_a43d5cf16531,cus_8159d410ac21,kitchen,CL,CLP,CLP,false,PSP_B,settled,2026-04-13 18:39:18,2026-04-19 08:28:50,372778,372778,2,0.241,CL,casamarket
txn_a4ddccd58b31,cus_a3629e675b04,bedding,MX,MXN,MXN,false,PSP_E,settled,2026-04-15 12:52:07,2026-04-17 03:40:26,278885,278885,1,0.39,MX,casamarket
txn_a5fd6404c023,cus_06426909f2ad,kitchen,MX,MXN,MXN,false,PSP_B,settled,2026-04-01 20:22:47,2026-04-05 14:24:07,221058,221058,2,0.426,MX,casamarket
txn_a69a7967405c,cus_f5eb9ab0742b,furniture,CL,CLP,CLP,false,PSP_B,settled,2026-06-09 08:15:44,2026-06-11 18:39:04,44892,44892,1,0.242,CL,casamarket
txn_a6bde3f65425,cus_5a1ffe34646c,furniture,CL,CLP,CLP,false,PSP_E,settled,2026-06-20 23:47:31,2026-06-23 06:42:45,9720,9720,1,0.139,CL,casamarket
txn_a75ae1581dd2,cus_b0be2eb7bd12,lighting,MX,MXN,MXN,false,PSP_C,settled,2026-04-21 05:59:56,2026-04-24 20:32:45,72060,72060,1,0.359,MX,casamarket
txn_a7cc2fcf96a3,cus_c3d8a3b0e1ad,kitchen,CL,CLP,CLP,false,PSP_C,settled,2026-04-21 05:29:01,2026-04-23 17:45:30,53485,53485,1,0.161,CL,casamarket
txn_a7e748a84158,cus_bad52c06fe35,bedding,CO,COP,COP,false,PSP_C,settled,2026-04-27 02:26:55,2026-05-03 05:17:31,9949356,9949356,1,0.352,CO,casamarket
txn_a7feaa8d46cd,cus_35ffcbcc2928,kitchen,CO,COP,COP,false,PSP_A,settled,2026-04-23 15:38:34,2026-04-25 03:13:57,6208616,6208616,1,0.36,CO,casamarket
txn_a8f4dbc6ceeb,cus_85a9fd7670a3,lighting,MX,MXN,MXN,false,PSP_A,settled,2026-05-30 16:48:28,2026-06-01 02:12:23,277145,277145,1,0.298,MX,casamarket
txn_a9b56ab711df,cus_124103926163,lighting,AR,ARS,ARS,false,PSP_D,settled,2026-06-08 22:19:09,2026-06-11 06:00:16,10533830,10533830,1,0.255,AR,casamarket
txn_ac980e5eabc0,cus_a89232154b4c,bedding,CL,CLP,CLP,false,PSP_C,settled,2026-04-25 18:44:01,2026-04-30 00:10:11,81589,78410,1,0.316,CL,casamarket
txn_acc0874e81c7,cus_4d2354b9c7ab,decor,MX,MXN,MXN,false,PSP_B,settled,2026-06-08 10:15:35,2026-06-14 20:51:42,1061834,1061834,1,0.386,MX,casamarket
txn_ae16c4ffb6e0,cus_7edff9729afd,kitchen,MX,MXN,USD,true,PSP_A,settled,2026-05-20 08:54:58,2026-05-21 15:59:11,73330,73366,2,0.753,US,casamarket
txn_aebe185d8f3f,cus_4a1810b83cec,decor,CL,CLP,CLP,false,PSP_B,settled,2026-04-04 14:22:13,2026-04-07 15:59:59,235903,235903,1,0.016,CL,casamarket
txn_b00239562fe4,cus_5508a332d375,decor,AR,ARS,ARS,false,PSP_A,settled,2026-06-20 21:28:54,2026-06-26 03:30:42,35846291,34967163,2,0.612,AR,casamarket
txn_b163a3151853,cus_9f32599c48d7,decor,CL,CLP,CLP,false,PSP_A,settled,2026-04-26 08:01:29,2026-04-28 21:23:08,80595,80595,1,0.463,CL,casamarket
txn_b2c4fec3fd89,cus_a3f3d2ff0fa7,kitchen,AR,ARS,ARS,false,PSP_E,settled,2026-06-24 21:37:42,2026-06-29 09:44:40,15995029,15995029,4,0.387,AR,casamarket
txn_b42ac665b45c,cus_f19cc515060b,furniture,CL,CLP,CLP,false,PSP_A,settled,2026-04-10 03:19:37,2026-04-12 04:13:18,186623,186623,1,0.179,CL,casamarket
txn_b48cbb8d7a46,cus_b676c390f055,decor,MX,MXN,MXN,false,PSP_D,settled,2026-06-11 21:25:30,2026-06-14 03:45:02,152719,152719,2,0.536,MX,casamarket
txn_b54b941a2a3a,cus_3746d8d94c45,lighting,MX,MXN,USD,true,PSP_B,settled,2026-05-29 16:08:39,2026-06-03 04:57:50,32364,32398,1,0.485,US,casamarket
txn_b5da199a26aa,cus_4b8660fd1c8d,lighting,MX,MXN,MXN,false,PSP_B,settled,2026-04-08 08:29:56,2026-04-14 20:50:09,31056,31056,1,0.577,MX,casamarket
txn_b61eec4a7b66,cus_170a54c72217,bedding,MX,MXN,USD,true,PSP_B,settled,2026-05-11 02:50:56,2026-05-15 12:18:30,370317,370394,3,0.026,CA,casamarket
txn_b6325a4938bb,cus_385c447e7498,kitchen,CO,COP,COP,false,PSP_A,pending,2026-06-27 17:59:35,,4190022,,1,0.257,CO,casamarket
txn_b6ad9cb06a76,cus_7edff9729afd,decor,MX,MXN,MXN,false,PSP_C,settled,2026-04-14 22:22:16,2026-04-20 10:03:18,61649,61649,2,0.071,MX,casamarket
txn_b77d0aee4daf,cus_3ef1b3d5124f,kitchen,CL,CLP,CLP,false,PSP_A,settled,2026-04-28 05:54:52,2026-04-30 22:21:24,151357,151357,1,0.162,CL,casamarket
txn_b7d2eeec555c,cus_bad52c06fe35,furniture,AR,ARS,USD,true,PSP_E,settled,2026-05-02 06:53:38,2026-05-06 02:52:08,12429057,12450754,1,0.164,BR,casamarket
txn_b8961d21621f,cus_e1d639b468c9,bedding,AR,ARS,ARS,false,PSP_A,settled,2026-04-29 04:06:17,2026-05-02 11:28:17,7108413,7108413,2,0.216,AR,casamarket
txn_b932cc5414ba,cus_fd650b6f0faf,kitchen,MX,MXN,MXN,false,PSP_B,failed,2026-06-27 09:08:00,,94571,,2,0.662,MX,casamarket
txn_b98d98632416,cus_4b8660fd1c8d,furniture,CL,CLP,CLP,false,PSP_A,settled,2026-05-07 09:31:39,2026-05-09 18:13:11,55309,55309,1,0.095,CL,casamarket
txn_ba7dc9a212a4,cus_0e223d5e796f,kitchen,MX,MXN,MXN,false,PSP_B,settled,2026-04-02 10:01:41,2026-04-05 22:37:40,243547,243547,1,0.655,MX,casamarket
txn_bac030a8f49f,cus_cd7f18fb89f2,furniture,CO,COP,COP,false,PSP_D,settled,2026-04-07 23:36:02,2026-04-13 02:27:54,67609482,67609482,2,0.343,CO,casamarket
txn_bad2e98fb3f0,cus_170a54c72217,decor,CO,COP,COP,false,PSP_B,settled,2026-04-06 14:59:50,2026-04-09 10:29:24,4382780,4272311,1,0.735,CO,casamarket
txn_bbae0baa2163,cus_5508a332d375,kitchen,MX,MXN,USD,true,PSP_D,settled,2026-06-13 05:07:42,2026-06-15 12:24:31,238019,237970,1,0.348,CA,casamarket
txn_bbc474f089eb,cus_fba50c1a225f,kitchen,MX,MXN,USD,true,PSP_E,settled,2026-04-22 05:07:26,2026-04-25 12:40:51,148015,147978,1,0.004,US,casamarket
txn_bbf103d18563,cus_3636b3544a7c,kitchen,CO,COP,COP,false,PSP_C,settled,2026-04-03 17:58:42,2026-04-05 22:40:44,9765591,9765591,1,0.506,CO,casamarket
txn_bccdcac2ffa9,cus_e9c471b5f604,decor,MX,MXN,MXN,false,PSP_D,pending,2026-06-28 13:47:36,,32044,,2,0.232,MX,casamarket
txn_bd619186a9a4,cus_3ef1b3d5124f,lighting,CO,COP,COP,false,PSP_A,settled,2026-05-24 14:25:17,2026-05-27 05:43:36,8344500,8344500,1,0.338,CO,casamarket
txn_be2f1ba0d51f,cus_ddda13908657,bedding,AR,ARS,ARS,false,PSP_A,settled,2026-05-27 15:57:28,2026-05-29 12:04:14,1994386,1994386,2,0.002,AR,casamarket
txn_bf42a87cadae,cus_06f56886685a,kitchen,MX,MXN,MXN,false,PSP_A,settled,2026-05-23 05:44:14,2026-05-26 07:57:03,322398,309537,1,0.03,MX,casamarket
txn_bf9ea4e3e383,cus_3a48003c128e,furniture,AR,ARS,ARS,false,PSP_C,settled,2026-05-28 09:19:55,2026-06-02 07:17:17,3496136,3496136,1,0.046,AR,casamarket
txn_bfc9e0a8adb6,cus_dc9fdea3bdb6,decor,CO,COP,COP,false,PSP_A,settled,2026-04-24 19:44:33,2026-04-29 03:54:04,6862571,6862571,1,0.014,CO,casamarket
txn_c06395fdb44c,cus_bfecb7525c1e,lighting,CO,COP,USD,true,PSP_C,settled,2026-06-24 10:26:32,2026-06-28 15:07:53,110632356,110061156,1,0.199,GB,casamarket
txn_c0f71d81c125,cus_3746d8d94c45,bedding,MX,MXN,MXN,false,PSP_C,settled,2026-06-09 09:48:37,2026-06-13 22:53:59,21349,21349,1,0.759,MX,casamarket
txn_c12b84d5723f,cus_a46aa78d86c4,kitchen,AR,ARS,USD,true,PSP_A,settled,2026-05-02 18:13:30,2026-05-08 12:55:52,2750259,2760911,3,0.166,US,casamarket
txn_c18f520e2809,cus_a3629e675b04,bedding,MX,MXN,MXN,false,PSP_D,settled,2026-04-15 02:35:58,2026-04-19 00:54:34,295379,295379,1,0.51,MX,casamarket
txn_c1aa2f095029,cus_3636b3544a7c,furniture,CO,COP,COP,false,PSP_C,settled,2026-05-17 02:20:17,2026-05-19 08:44:25,22142176,22142176,2,0.649,CO,casamarket
txn_c1b3c6e14a9f,cus_8de5a8ff56d6,furniture,AR,ARS,ARS,false,PSP_D,settled,2026-06-13 17:34:15,2026-06-15 04:04:32,19092892,19092892,2,0.422,AR,casamarket
txn_c2642da71ad5,cus_33580fe7218a,bedding,CO,COP,COP,false,PSP_A,settled,2026-04-29 07:15:30,2026-05-01 02:47:34,10117572,10117572,2,0.107,CO,casamarket
txn_c277f7924a22,cus_462dabef99f2,lighting,CO,COP,COP,false,PSP_A,settled,2026-05-09 10:09:27,2026-05-11 11:46:27,10929762,10929762,1,0.268,CO,casamarket
txn_c2aafedd0982,cus_acbc70799e0e,furniture,AR,ARS,ARS,false,PSP_B,settled,2026-06-04 16:58:31,2026-06-07 11:36:00,23798133,23798133,1,0.102,AR,casamarket
txn_c3553b8ddf80,cus_2291db4e4690,kitchen,MX,MXN,USD,true,PSP_E,settled,2026-05-29 11:43:18,2026-06-03 10:33:58,41704,41748,4,0.496,BR,casamarket
txn_c38b48e83f43,cus_2b4c6984d3f0,kitchen,MX,MXN,MXN,false,PSP_B,failed,2026-06-07 06:31:28,,129678,,3,0.255,MX,casamarket
txn_c3a34a1ab619,cus_3ef1b3d5124f,furniture,CO,COP,COP,false,PSP_C,settled,2026-05-20 12:18:19,2026-05-24 22:28:44,61365771,61365771,1,0.623,CO,casamarket
txn_c3c718241168,cus_cbec1ff86bb3,furniture,MX,MXN,MXN,false,PSP_B,settled,2026-05-17 20:37:42,2026-05-20 22:43:29,348804,348804,2,0.103,MX,casamarket
txn_c451f50d1f30,cus_06426909f2ad,decor,MX,MXN,MXN,false,PSP_E,settled,2026-05-10 06:05:21,2026-05-12 01:50:26,294189,294189,1,0.247,MX,casamarket
txn_c4ed14f15dd1,cus_1908a25af831,kitchen,MX,MXN,USD,true,PSP_B,settled,2026-04-13 18:44:35,2026-04-17 01:35:41,146441,146792,2,0.423,US,casamarket
txn_c524aa51720c,cus_66ec9ac0836f,decor,CL,CLP,CLP,false,PSP_C,settled,2026-06-27 12:45:33,2026-06-30 08:38:59,79119,79119,1,0.728,CL,casamarket
txn_c52af8cfab34,cus_85e9424b40c2,furniture,CO,COP,COP,false,PSP_B,settled,2026-06-04 13:48:32,2026-06-07 03:50:32,27420236,27420236,1,0.136,CO,casamarket
txn_c598a703ff5e,cus_4b8660fd1c8d,decor,CO,COP,COP,false,PSP_C,settled,2026-06-13 14:59:54,2026-06-18 23:26:46,25586489,25586489,1,0.308,CO,casamarket
txn_c620e5220888,cus_b676c390f055,lighting,MX,MXN,USD,true,PSP_E,failed,2026-05-22 13:01:40,,80104,,3,0.196,US,casamarket
txn_c6d26e90a1af,cus_ad8f90364a1c,furniture,CL,CLP,CLP,false,PSP_B,settled,2026-04-30 04:09:20,2026-05-04 05:12:55,89550,89550,1,0.16,CL,casamarket
txn_c866edb818de,cus_170a54c72217,decor,AR,ARS,ARS,false,PSP_C,settled,2026-06-20 08:44:05,2026-06-25 09:36:54,1507789,1507789,1,0.458,AR,casamarket
txn_c8e38ad801f1,cus_3ef1b3d5124f,decor,MX,MXN,MXN,false,PSP_C,settled,2026-06-17 22:35:14,2026-06-20 11:24:12,24846,12423,2,0.357,MX,casamarket
txn_c99d3e28c509,cus_b676c390f055,furniture,CL,CLP,CLP,false,PSP_C,settled,2026-04-04 08:39:55,2026-04-07 05:09:07,59370,59370,2,0.097,CL,casamarket
txn_cb2e210ce96f,cus_3746d8d94c45,furniture,CL,CLP,CLP,false,PSP_D,settled,2026-05-15 17:12:31,2026-05-21 11:28:37,80340,80340,1,0.03,CL,casamarket
txn_cc671c5894f3,cus_80bc69704f05,kitchen,MX,MXN,MXN,false,PSP_A,settled,2026-05-11 12:54:44,2026-05-16 15:47:52,31771,31771,1,0.31,MX,casamarket
txn_cc99df96bd3d,cus_c3d8a3b0e1ad,lighting,CO,COP,COP,false,PSP_E,failed,2026-04-10 03:56:02,,28306913,,1,0.406,CO,casamarket
txn_cd812be573ae,cus_c52b603a3fdf,furniture,MX,MXN,MXN,false,PSP_E,failed,2026-04-14 00:44:30,,177628,,1,0.128,MX,casamarket
txn_ce7025a7b6da,cus_ba76c8211b1f,decor,CO,COP,COP,false,PSP_A,settled,2026-06-05 17:30:47,2026-06-08 01:41:08,4469416,4469416,1,0.335,CO,casamarket
txn_ce93e58d4bf2,cus_21ee471f07b5,bedding,CL,CLP,USD,true,PSP_A,settled,2026-06-02 06:31:26,2026-06-05 02:54:03,11128,11141,2,0.46,CA,casamarket
txn_cf6ffcfec3c8,cus_e858cb4e3635,decor,MX,MXN,MXN,false,PSP_B,settled,2026-05-09 04:51:58,2026-05-10 07:24:42,218003,109002,2,0.153,MX,casamarket
txn_cf7e385785a5,cus_e9c471b5f604,decor,MX,MXN,MXN,false,PSP_A,settled,2026-04-26 21:07:54,2026-04-29 00:04:25,44612,42902,1,0.497,MX,casamarket
txn_d0dee6ed2e3e,cus_eada6ff56489,kitchen,CL,CLP,CLP,false,PSP_B,settled,2026-06-18 01:39:54,2026-06-22 13:17:09,17096,17096,1,0.167,CL,casamarket
txn_d17759083a0a,cus_385c447e7498,kitchen,CO,COP,USD,true,PSP_B,settled,2026-06-05 05:58:13,2026-06-09 08:58:11,6708137,6704846,1,0.521,US,casamarket
txn_d2ebeba57bba,cus_c86c7ae46ef7,decor,MX,MXN,MXN,false,PSP_D,settled,2026-05-13 03:31:06,2026-05-17 11:32:55,262870,255186,4,0.496,MX,casamarket
txn_d30ce5a223c2,cus_bc8cc91cc638,lighting,CO,COP,COP,false,PSP_C,settled,2026-05-31 19:52:50,2026-06-05 05:53:33,84930183,82428136,1,0.373,CO,casamarket
txn_d46a7d77d86e,cus_afa0f6d8f3f1,decor,CL,CLP,CLP,false,PSP_B,settled,2026-05-17 19:16:24,2026-05-21 02:58:11,80889,80889,1,0.035,CL,casamarket
txn_d534cf28ab0c,cus_85a9fd7670a3,lighting,CL,CLP,CLP,false,PSP_A,settled,2026-04-11 09:12:26,2026-04-15 20:58:23,31587,30770,1,0.304,CL,casamarket
txn_d6901e049409,cus_4ec329fc34de,decor,MX,MXN,MXN,false,PSP_E,settled,2026-05-17 11:29:31,2026-05-21 04:34:09,22526,22526,2,0.453,MX,casamarket
txn_d7ab21879741,cus_c64034b715c4,decor,CL,CLP,CLP,false,PSP_B,settled,2026-05-27 11:21:27,2026-05-29 02:15:07,102767,102767,3,0.268,CL,casamarket
txn_d7b8369a1a57,cus_f042497728b5,decor,CO,COP,COP,false,PSP_E,settled,2026-06-19 19:58:39,2026-06-21 19:05:10,93451408,89801220,1,0.158,CO,casamarket
txn_d7bd48455147,cus_2b4c6984d3f0,furniture,MX,MXN,MXN,false,PSP_E,settled,2026-04-29 03:24:05,2026-05-03 07:59:25,24853,24853,2,0.095,MX,casamarket
txn_d8223bb4bbc1,cus_67423bf2a710,furniture,CL,CLP,CLP,false,PSP_A,settled,2026-06-01 13:05:35,2026-06-03 11:50:25,190158,190158,2,0.397,CL,casamarket
txn_d87fc184068a,cus_21ee471f07b5,kitchen,AR,ARS,ARS,false,PSP_D,settled,2026-04-20 03:03:38,2026-04-22 01:29:32,7324489,7324489,1,0.522,AR,casamarket
txn_d94a709f05b1,cus_0e223d5e796f,bedding,MX,MXN,MXN,false,PSP_B,settled,2026-04-21 00:35:07,2026-04-24 08:32:38,111782,55891,2,0.243,MX,casamarket
txn_d956a6602ef4,cus_a3a5e909c95f,lighting,MX,MXN,MXN,false,PSP_A,settled,2026-05-22 16:00:59,2026-05-24 13:42:40,214875,214875,1,0.089,MX,casamarket
txn_d987eaf67df9,cus_9b3a98583c42,furniture,MX,MXN,MXN,false,PSP_C,settled,2026-04-07 16:59:13,2026-04-10 20:03:02,312601,312601,2,0.327,MX,casamarket
txn_d98bc8ed1113,cus_9e714dd01955,furniture,CO,COP,COP,false,PSP_A,pending,2026-06-27 19:52:13,,20729584,,1,0.164,CO,casamarket
txn_d9bbbc7f884b,cus_2b7262331177,bedding,CL,CLP,CLP,false,PSP_D,failed,2026-06-19 02:53:39,,45695,,4,0.667,CL,casamarket
txn_da0a77083326,cus_dc9fdea3bdb6,decor,MX,MXN,MXN,false,PSP_B,settled,2026-04-17 01:23:20,2026-04-19 08:05:05,39280,39280,2,0.355,MX,casamarket
txn_da457b8619dd,cus_5897a381b45e,kitchen,MX,MXN,MXN,false,PSP_D,settled,2026-05-14 23:48:33,2026-05-17 23:14:06,556050,556050,2,0.146,MX,casamarket
txn_db006ef469dc,cus_8817c8c3ed92,lighting,MX,MXN,MXN,false,PSP_D,settled,2026-05-02 21:10:43,2026-05-06 01:02:08,3212700,3212700,1,0.349,MX,casamarket
txn_db5b33e084f8,cus_30438474cbf7,decor,CL,CLP,CLP,false,PSP_D,failed,2026-05-20 12:33:22,,11711,,1,0.077,CL,casamarket
txn_dc0a35c0b9dd,cus_be76702a5f1f,kitchen,CL,CLP,USD,true,PSP_A,pending,2026-06-26 15:47:32,,24332,,1,0.211,US,casamarket
txn_dc0c32ccf265,cus_3f295f83cc55,furniture,MX,MXN,MXN,false,PSP_B,settled,2026-06-14 05:46:48,2026-06-20 00:04:13,87463,87463,1,0.078,MX,casamarket
txn_dc270790b8c3,cus_4a1810b83cec,kitchen,MX,MXN,MXN,false,PSP_C,pending,2026-06-21 20:44:23,,397376,,1,0.074,MX,casamarket
txn_dc3fa0d827df,cus_1803ca2038db,decor,AR,ARS,ARS,false,PSP_D,settled,2026-04-30 13:17:56,2026-05-02 06:05:35,35404486,35404486,1,0.846,AR,casamarket
txn_de7a4f168652,cus_d4605d5eef51,kitchen,MX,MXN,MXN,false,PSP_B,settled,2026-06-03 12:44:52,2026-06-06 21:07:07,23918,23203,1,0.517,MX,casamarket
txn_de8e7f26d585,cus_66ec9ac0836f,furniture,CO,COP,COP,false,PSP_D,settled,2026-05-19 00:29:56,2026-05-23 03:06:25,7499151,7499151,2,0.192,CO,casamarket
txn_df5e3d9f5081,cus_90430f1151fa,furniture,CO,COP,COP,false,PSP_A,settled,2026-06-24 10:25:11,2026-06-26 02:57:01,82158409,82158409,1,0.035,CO,casamarket
txn_e0530ca466f7,cus_e9c471b5f604,furniture,CL,CLP,CLP,false,PSP_C,settled,2026-05-30 16:02:09,2026-06-02 04:30:02,17966,17966,1,0.103,CL,casamarket
txn_e121209b0c5b,cus_a18373080989,kitchen,AR,ARS,ARS,false,PSP_A,settled,2026-04-16 05:21:50,2026-04-19 07:45:37,10211598,10211599,2,0.033,AR,casamarket
txn_e295743e5a5f,cus_d9daf27f9d3e,bedding,CO,COP,COP,false,PSP_D,settled,2026-06-19 09:41:41,2026-06-24 09:46:20,7406415,7406415,1,0.081,CO,casamarket
txn_e355da4a7eac,cus_85e9424b40c2,decor,CO,COP,COP,false,PSP_A,settled,2026-05-30 10:20:55,2026-06-02 23:06:52,106364974,106364974,3,0.193,CO,casamarket
txn_e49f166fa073,cus_fba50c1a225f,furniture,MX,MXN,MXN,false,PSP_B,settled,2026-04-23 11:29:23,2026-04-26 04:47:52,47080,47080,3,0.382,MX,casamarket
txn_e4cc5984dc71,cus_cb94575f5642,furniture,AR,ARS,ARS,false,PSP_C,pending,2026-06-28 17:19:06,,9998226,,1,0.081,AR,casamarket
txn_e50ceead42e0,cus_85a9fd7670a3,furniture,MX,MXN,MXN,false,PSP_A,settled,2026-06-08 08:51:56,2026-06-10 10:46:45,67782,65901,1,0.64,MX,casamarket
txn_e53fc9b87a9a,cus_241a5d7920e5,furniture,CO,COP,COP,false,PSP_A,settled,2026-06-17 10:39:53,2026-06-20 01:22:45,83211284,83211284,1,0.009,CO,casamarket
txn_e5fbeddd8d12,cus_4e48ec7d8a9d,decor,MX,MXN,MXN,false,PSP_C,settled,2026-04-06 07:34:37,2026-04-08 06:52:41,90447,90447,1,0.182,MX,casamarket
txn_e66c61cb0abd,cus_bfecb7525c1e,furniture,CO,COP,COP,false,PSP_B,settled,2026-05-10 03:10:40,2026-05-15 21:25:31,11921921,11921921,1,0.244,CO,casamarket
txn_e76643d1980f,cus_b18bde4353d3,kitchen,MX,MXN,MXN,false,PSP_A,settled,2026-04-19 02:31:17,2026-04-21 17:25:37,49948,49948,3,0.246,MX,casamarket
txn_e7e1f9913fff,cus_2291db4e4690,decor,CL,CLP,CLP,false,PSP_A,settled,2026-06-06 06:53:58,2026-06-11 09:23:31,10584,10584,1,0.229,CL,casamarket
txn_e7e935333239,cus_3397cbd04f79,bedding,CL,CLP,CLP,false,PSP_E,settled,2026-04-18 06:27:13,2026-04-21 12:13:12,36476,36476,1,0.408,CL,casamarket
txn_e7f69daeeb58,cus_77de036e69ff,decor,MX,MXN,MXN,false,PSP_A,settled,2026-04-27 15:01:35,2026-04-29 00:21:00,75258,75258,4,0.113,MX,casamarket
txn_e8e87e751f77,cus_8802cd4e8c33,decor,CL,CLP,CLP,false,PSP_B,settled,2026-04-08 17:35:05,2026-04-14 16:09:31,10783,10399,1,0.442,CL,casamarket
txn_ebf38c1083bf,cus_297500b415c6,furniture,MX,MXN,USD,true,PSP_C,settled,2026-06-18 07:50:29,2026-06-21 00:49:28,325539,323399,4,0.362,US,casamarket
txn_ec1fa154c557,cus_06f56886685a,kitchen,MX,MXN,MXN,false,PSP_D,settled,2026-04-16 00:31:54,2026-04-22 01:12:05,19536,19536,2,0.196,MX,casamarket
txn_ecca57324dba,cus_3a48003c128e,lighting,MX,MXN,USD,true,PSP_E,settled,2026-04-19 20:50:25,2026-04-23 06:34:18,22201,22194,1,0.761,US,casamarket
txn_ecf9cd309142,cus_ec6077853e3d,furniture,MX,MXN,MXN,false,PSP_B,settled,2026-05-02 01:20:37,2026-05-04 01:00:02,47298,47298,3,0.694,MX,casamarket
txn_ed3a46f07a3b,cus_eada6ff56489,kitchen,MX,MXN,MXN,false,PSP_A,settled,2026-06-01 03:19:07,2026-06-03 14:27:10,47599,47599,1,0.681,MX,casamarket
txn_ed7bad2a12cd,cus_9c3ef0a671fd,furniture,MX,MXN,MXN,false,PSP_B,settled,2026-06-05 04:19:33,2026-06-11 12:29:37,272149,272149,1,0.434,MX,casamarket
txn_ed8f7b55b8b0,cus_cb94575f5642,furniture,CL,CLP,CLP,false,PSP_A,settled,2026-06-22 07:26:30,2026-06-27 02:16:22,138277,138277,2,0.083,CL,casamarket
txn_edb3e43359e8,cus_d20cad730bdb,kitchen,CO,COP,COP,false,PSP_C,settled,2026-05-24 12:53:22,2026-05-27 16:29:47,38413611,38413611,1,0.116,CO,casamarket
txn_eddd9a2e44ff,cus_39853fd8ee11,lighting,MX,MXN,USD,true,PSP_B,settled,2026-06-24 03:00:54,2026-06-27 09:30:17,195194,195487,4,0.038,US,casamarket
txn_ede2d1d8116c,cus_8159d410ac21,furniture,MX,MXN,MXN,false,PSP_E,settled,2026-06-10 20:00:03,2026-06-12 23:09:47,408731,408731,1,0.434,MX,casamarket
txn_edf87d979bcc,cus_c64034b715c4,furniture,CO,COP,COP,false,PSP_A,settled,2026-06-10 13:58:35,2026-06-22 15:18:24,4037565,4037565,1,0.012,CO,casamarket
txn_edfa32bf2a80,cus_06f56886685a,furniture,MX,MXN,MXN,false,PSP_C,settled,2026-06-18 08:38:18,2026-06-22 07:55:47,223740,223740,1,0.194,MX,casamarket
txn_edfc600395a0,cus_73148b821f84,kitchen,AR,ARS,ARS,false,PSP_B,settled,2026-05-14 09:12:23,2026-05-18 06:21:16,3226615,3226615,1,0.565,AR,casamarket
txn_ee1b65330225,cus_35ffcbcc2928,decor,MX,MXN,MXN,false,PSP_A,settled,2026-06-09 06:14:25,2026-06-11 08:22:51,411927,411927,2,0.168,MX,casamarket
txn_eed4ba2566e8,cus_a3f3d2ff0fa7,furniture,CL,CLP,CLP,false,PSP_A,settled,2026-06-12 20:45:25,2026-06-18 20:46:01,35061,35061,2,0.121,CL,casamarket
txn_efd927f1e810,cus_d3c6f5098725,kitchen,CO,COP,COP,false,PSP_B,settled,2026-05-19 23:46:47,2026-05-22 07:39:45,52663028,52663028,1,0.119,CO,casamarket
txn_efe29a41665b,cus_9b3a98583c42,bedding,CL,CLP,CLP,false,PSP_C,settled,2026-04-15 09:20:17,2026-04-18 02:53:00,29463,29463,3,0.402,CL,casamarket
txn_f0ea601a1b05,cus_d20cad730bdb,furniture,MX,MXN,MXN,false,PSP_E,settled,2026-04-26 15:44:46,2026-04-29 19:08:50,81704,81704,2,0.465,MX,casamarket
txn_f14167acd580,cus_462dabef99f2,decor,AR,ARS,ARS,false,PSP_C,settled,2026-05-03 18:05:34,2026-05-06 17:10:58,5293203,5293203,1,0.241,AR,casamarket
txn_f14c29a597d6,cus_c971b6acd506,furniture,CL,CLP,CLP,false,PSP_A,settled,2026-06-04 22:23:00,2026-06-09 03:15:23,9982,9982,1,0.738,CL,casamarket
txn_f206d20bb9da,cus_bfecb7525c1e,furniture,MX,MXN,USD,true,PSP_E,settled,2026-05-09 17:45:22,2026-05-13 16:05:43,27343,27333,4,0.069,US,casamarket
txn_f28ee779a7a1,cus_a3629e675b04,decor,AR,ARS,USD,true,PSP_B,settled,2026-04-30 17:59:31,2026-05-02 18:55:41,1103815,1103562,4,0.291,US,casamarket
txn_f2e963fafcf6,cus_06f56886685a,lighting,CO,COP,COP,false,PSP_D,settled,2026-04-29 10:15:17,2026-05-05 06:54:59,91267089,91267089,1,0.019,CO,casamarket
txn_f32975c4cc92,cus_acbc70799e0e,decor,CO,COP,COP,false,PSP_C,settled,2026-04-27 15:07:39,2026-05-02 18:37:17,51843494,51843494,2,0.416,CO,casamarket
txn_f3b19aed84b2,cus_befe4fa23929,decor,CL,CLP,CLP,false,PSP_D,settled,2026-06-01 04:36:28,2026-06-03 10:01:44,190960,190960,1,0.183,CL,casamarket
txn_f3f62e20cd0b,cus_54881275b067,bedding,MX,MXN,MXN,false,PSP_A,settled,2026-04-19 11:40:43,2026-04-24 13:07:27,349528,349528,3,0.225,MX,casamarket
txn_f401883ff5ad,cus_bea94eb9fc0a,kitchen,CO,COP,COP,false,PSP_C,settled,2026-05-18 02:26:38,2026-05-22 14:43:13,7147370,7147370,1,0.121,CO,casamarket
txn_f652bd0af7d6,cus_a3729b9f4eba,bedding,CL,CLP,USD,true,PSP_A,failed,2026-05-22 11:04:35,,309347,,2,0.414,US,casamarket
txn_f7590e254402,cus_3ee62da8cc8e,furniture,MX,MXN,MXN,false,PSP_C,pending,2026-06-27 12:38:35,,251193,,3,0.261,MX,casamarket
txn_f7b42d327f2f,cus_9f32599c48d7,furniture,CL,CLP,CLP,false,PSP_C,settled,2026-06-13 05:31:40,2026-06-17 16:34:11,22148,21302,1,0.024,CL,casamarket
txn_f82e700fed89,cus_95282e198150,bedding,MX,MXN,USD,true,PSP_D,settled,2026-04-24 22:22:29,2026-04-29 04:29:31,18212,18251,1,0.141,US,casamarket
txn_f842f33fab62,cus_35ffcbcc2928,decor,CO,COP,COP,false,PSP_D,settled,2026-04-03 11:14:14,2026-04-06 17:50:12,5654185,5468454,3,0.755,CO,casamarket
txn_f85f2158b71a,cus_48b7963118ea,bedding,AR,ARS,ARS,false,PSP_C,settled,2026-04-14 00:30:29,2026-04-16 09:35:27,17512596,17512596,2,0.287,AR,casamarket
txn_f880760c3b8d,cus_9f32599c48d7,kitchen,MX,MXN,MXN,false,PSP_B,settled,2026-04-19 10:55:13,2026-04-22 14:01:39,58962,29481,2,0.332,MX,casamarket
txn_f89c5034fcab,cus_c12bb4871644,decor,MX,MXN,USD,true,PSP_A,settled,2026-05-25 02:38:33,2026-05-27 16:05:56,31161,15568,2,0.311,US,casamarket
txn_f8d9975431af,cus_297500b415c6,kitchen,MX,MXN,MXN,false,PSP_D,settled,2026-06-10 19:56:21,2026-06-14 07:55:11,234065,234065,1,0.103,MX,casamarket
txn_f9fdad85e970,cus_acbc70799e0e,kitchen,MX,MXN,USD,true,PSP_B,settled,2026-04-04 12:58:52,2026-04-08 05:47:33,460119,459428,2,0.701,US,casamarket
txn_fa6134bc26bb,cus_a3729b9f4eba,kitchen,CO,COP,USD,true,PSP_A,settled,2026-06-07 03:28:48,2026-06-08 19:00:44,6884094,6889293,1,0.119,US,casamarket
txn_fb23219dfbac,cus_afa0f6d8f3f1,bedding,MX,MXN,MXN,false,PSP_B,settled,2026-06-11 22:49:52,2026-06-13 12:03:16,61174,61174,1,0.095,MX,casamarket
txn_fc2c053372ef,cus_b5c3aa8f714b,lighting,AR,ARS,ARS,false,PSP_B,settled,2026-05-06 08:31:37,2026-05-07 13:45:05,12687135,12687135,1,0.484,AR,casamarket
txn_fc51aa1d3dd7,cus_657cd859d75a,furniture,CO,COP,COP,false,PSP_B,settled,2026-06-10 22:07:00,2026-06-18 04:44:42,628245988,628245988,1,0.451,CO,casamarket
txn_fc9926e289e3,cus_b6403ee1eaf9,lighting,AR,ARS,ARS,false,PSP_C,settled,2026-05-09 01:47:45,2026-05-13 11:33:10,8352808,8352808,3,0.794,AR,casamarket
txn_fcc08515a4dd,cus_f042497728b5,bedding,CO,COP,USD,true,PSP_B,settled,2026-05-02 20:29:39,2026-05-05 23:56:37,17087220,17100016,4,0.515,US,casamarket
txn_fcd676901784,cus_3397cbd04f79,lighting,CL,CLP,USD,true,PSP_E,settled,2026-05-23 00:11:25,2026-05-27 05:50:13,167068,167338,4,0.177,US,casamarket
txn_fd82dd5e0242,cus_f19cc515060b,kitchen,CL,CLP,CLP,false,PSP_C,settled,2026-06-05 17:53:29,2026-06-07 11:52:13,97695,93230,2,0.83,CL,casamarket
txn_fda5b5739978,cus_41f2e68189f1,decor,CO,COP,COP,false,PSP_E,settled,2026-06-25 01:20:53,2026-06-29 18:23:27,11375139,11375139,1,0.482,CO,casamarket
txn_fe28a98baf64,cus_fba50c1a225f,kitchen,CO,COP,USD,true,PSP_B,settled,2026-05-31 03:09:47,2026-06-05 05:58:37,122182307,122010255,2,0.393,BR,casamarket
txn_fe577df8c034,cus_49b0db6e9ef6,bedding,CO,COP,COP,false,PSP_A,settled,2026-05-24 15:35:33,2026-05-27 04:18:29,12303920,12303920,1,0.457,CO,casamarket
txn_fe886cc7ed54,cus_fd650b6f0faf,furniture,MX,MXN,USD,true,PSP_A,settled,2026-06-17 19:24:06,2026-06-20 20:25:15,151638,75946,2,0.147,CA,casamarket
txn_ffb33b5a5c28,cus_85a9fd7670a3,furniture,MX,MXN,MXN,false,PSP_C,settled,2026-04-05 03:11:03,2026-04-08 19:58:54,154592,154592,1,0.394,MX,casamarket
txn_fff09f01b8b6,cus_b05bd87873d1,bedding,CO,COP,COP,false,PSP_B,settled,2026-04-26 07:28:20,2026-05-02 15:06:45,9176224,9176224,2,0.234,CO,casamarket
