term,odds_ratio,or_ci_low,or_ci_high,p
Intercept,0.168331,0.156595,0.180947,0.0
C(psp)[T.PSP_B],1.324456,1.203973,1.456997,0.0
C(psp)[T.PSP_C],1.097318,0.988168,1.218525,0.082334
C(psp)[T.PSP_D],1.121106,1.000865,1.255793,0.04828
C(psp)[T.PSP_E],1.012255,0.883359,1.159959,0.860865
C(country)[T.CL],1.066528,0.962955,1.181242,0.216561
C(country)[T.CO],1.063905,0.97306,1.163231,0.173742
C(country)[T.MX],1.082428,0.997274,1.174853,0.058138
C(amount_tier)[T.200+],0.611001,0.580421,0.643192,0.0
C(amount_tier)[T.50-200],0.704563,0.680397,0.729587,0.0
C(lag_bucket)[T.4-5],1.029233,0.990205,1.069801,0.144047
C(lag_bucket)[T.6-7],1.018519,0.933434,1.111361,0.680136
C(lag_bucket)[T.8+],0.981375,0.874081,1.101839,0.750282
C(lag_bucket)[T.≤1],1.019796,0.974414,1.067292,0.398664
C(psp)[T.PSP_B]:C(country)[T.CL],0.754862,0.650952,0.87536,0.000198
C(psp)[T.PSP_C]:C(country)[T.CL],0.993407,0.847607,1.164287,0.934898
C(psp)[T.PSP_D]:C(country)[T.CL],1.078192,0.910168,1.277235,0.383756
C(psp)[T.PSP_E]:C(country)[T.CL],0.931071,0.758664,1.142657,0.494241
C(psp)[T.PSP_B]:C(country)[T.CO],0.771878,0.678607,0.877969,8.1e-05
C(psp)[T.PSP_C]:C(country)[T.CO],1.005915,0.875547,1.155694,0.933633
C(psp)[T.PSP_D]:C(country)[T.CO],0.639374,0.545391,0.749552,0.0
C(psp)[T.PSP_E]:C(country)[T.CO],1.067239,0.892887,1.275635,0.474577
C(psp)[T.PSP_B]:C(country)[T.MX],0.713504,0.633993,0.802986,0.0
C(psp)[T.PSP_C]:C(country)[T.MX],0.967706,0.851861,1.099304,0.613831
C(psp)[T.PSP_D]:C(country)[T.MX],0.896156,0.779955,1.02967,0.121782
C(psp)[T.PSP_E]:C(country)[T.MX],0.948668,0.803707,1.119774,0.533384
is_cross_border,0.98335,0.944575,1.023717,0.413359
is_weekend,1.290775,1.24715,1.335927,0.0
