question,key,kind,segment_type,segment_value,psp,country,likely_cause,metric,n,n_flagged,rate,ci_low,ci_high,peer_n,peer_rate,lift,p,q,excess_usd,mean_loss_usd,median_loss_usd,usd_note
Q4,,,is_weekend,false,,,,flag rate,88842,11583.0,0.130378,0.128179,0.132608,35547.0,0.164064,0.794672,0.0,0.0,0.0,13.63,3.64,
Q4,weekend,weekend,is_weekend,true,,,psp_adjustment,flag rate,35547,5832.0,0.164064,0.160251,0.167951,88842.0,0.130378,1.25838,0.0,0.0,15387.491418,12.85,3.61,
Q4,,,lag_bucket,2-3,,,,flag rate,64982,9155.0,0.140885,0.138231,0.143581,59407.0,0.139041,1.013265,0.353317,0.524812,1562.808013,13.04,3.5,
Q4,,,lag_bucket,4-5,,,,flag rate,31909,4465.0,0.139929,0.136166,0.143779,92480.0,0.14003,0.999278,0.971663,1.0,0.0,13.85,3.75,
Q4,,,lag_bucket,6-7,,,,flag rate,4663,638.0,0.136822,0.127256,0.146985,119726.0,0.140128,0.976404,0.537313,0.706152,0.0,16.17,5.08,
Q4,,,lag_bucket,8+,,,,flag rate,2647,378.0,0.142803,0.129992,0.15665,121742.0,0.139943,1.020435,0.695676,0.817889,185.303558,24.48,5.64,
Q4,,,lag_bucket,≤1,,,,flag rate,20188,2779.0,0.137656,0.132972,0.142478,104201.0,0.140459,0.980042,0.298563,0.478026,0.0,11.54,3.43,
Q4,ar_over_300_lag,lag,lag_over_300,AR|over_300,,AR,,late share,1379,21.0,0.015228,0.009982,0.023169,23385.0,0.018602,0.818659,0.296597,0.478026,0.0,59.997323,16.865,"delay, not loss"
Q4,cl_over_300_lag,lag,lag_over_300,CL|over_300,,CL,,late share,1150,25.0,0.021739,0.014768,0.031895,17510.0,0.019989,1.087578,0.296252,0.478026,0.0,62.304145,17.335,"delay, not loss"
Q4,co_over_300_lag,lag,lag_over_300,CO|over_300,,CO,,late share,1843,728.0,0.395008,0.37293,0.417523,29539.0,0.017875,22.09876,0.0,0.0,1258.079336,57.027993,16.98,"delay, not loss"
Q4,mx_over_300_lag,lag,lag_over_300,MX|over_300,,MX,,late share,3143,54.0,0.017181,0.013192,0.022349,46440.0,0.017054,1.007434,0.687309,0.817889,1918.377302,65.09103,18.36,"delay, not loss"
