psp,country,likely_cause,direction,rounding_flag,n,usd,share_of_cause_in_country,psp_share_of_country_volume,concentration,label
PSP_C,MX,psp_fee,under,False,386,640.12,1.0,0.198637,5.034318,systematic
PSP_C,CO,psp_fee,under,False,256,383.52,1.0,0.197852,5.054276,systematic
PSP_D,CL,psp_rounding,under,True,563,300.89,1.0,0.153483,6.515363,systematic
PSP_C,AR,psp_fee,under,False,199,285.91,1.0,0.200129,4.996772,systematic
PSP_C,CL,psp_fee,under,False,146,214.38,1.0,0.196356,5.092795,systematic
PSP_D,CO,psp_rounding,under,True,949,117.83,1.0,0.147792,6.766279,systematic
PSP_B,MX,partial_capture,under,False,410,8942.88,0.25,0.249239,1.003055,random
PSP_A,MX,partial_capture,under,False,485,8426.28,0.295732,0.301676,0.980296,random
PSP_C,MX,partial_capture,under,False,336,7061.8,0.204878,0.198637,1.031421,random
PSP_A,CO,partial_capture,under,False,309,5636.74,0.303536,0.304506,0.996816,random
PSP_A,MX,psp_adjustment,under,False,1496,5387.93,0.309795,0.301676,1.026913,random
PSP_D,MX,partial_capture,under,False,247,4930.99,0.15061,0.152189,0.989621,random
PSP_B,CO,partial_capture,under,False,254,4642.53,0.249509,0.250398,0.996448,random
PSP_A,AR,partial_capture,under,False,237,4594.67,0.280806,0.300921,0.933155,random
PSP_B,MX,psp_adjustment,under,False,1160,4074.46,0.240215,0.249239,0.963797,random
PSP_C,CO,partial_capture,under,False,205,3746.87,0.201375,0.197852,1.017806,random
PSP_C,MX,psp_adjustment,under,False,941,3536.12,0.194864,0.198637,0.981009,random
PSP_B,AR,partial_capture,under,False,201,3495.16,0.238152,0.249071,0.956159,random
PSP_E,MX,partial_capture,under,False,162,3348.64,0.09878,0.098259,1.005302,random
PSP_A,CO,psp_adjustment,under,False,935,3251.41,0.312709,0.304506,1.02694,random
PSP_B,CL,partial_capture,under,False,164,3170.2,0.268412,0.250429,1.071812,random
PSP_C,AR,partial_capture,under,False,170,2957.75,0.201422,0.200129,1.006459,random
PSP_A,CL,partial_capture,under,False,184,2920.07,0.301146,0.295766,1.018188,random
PSP_D,MX,psp_adjustment,under,False,762,2900.09,0.157797,0.152189,1.036845,random
PSP_D,AR,partial_capture,under,False,152,2786.05,0.180095,0.151995,1.184874,random
PSP_B,CO,psp_adjustment,under,False,794,2784.69,0.265552,0.250398,1.060518,random
PSP_B,AR,psp_adjustment,under,False,773,2754.62,0.306624,0.249071,1.231071,random
PSP_E,CO,partial_capture,under,False,136,2361.26,0.133595,0.099452,1.343315,random
PSP_C,CO,psp_adjustment,under,False,631,2297.46,0.211037,0.197852,1.066638,random
PSP_A,AR,psp_adjustment,under,False,698,2263.2,0.276874,0.300921,0.92009,random
PSP_C,CL,partial_capture,under,False,120,2248.25,0.196399,0.196356,1.000222,random
PSP_D,CO,partial_capture,under,False,114,2173.18,0.111984,0.147792,0.757717,random
PSP_A,CL,psp_adjustment,under,False,539,1794.58,0.305902,0.295766,1.03427,random
PSP_C,AR,psp_adjustment,under,False,464,1741.68,0.184054,0.200129,0.919676,random
PSP_E,CL,partial_capture,under,False,75,1731.61,0.12275,0.103966,1.180674,random
PSP_B,CL,psp_adjustment,under,False,448,1625.58,0.254257,0.250429,1.015285,random
PSP_E,MX,psp_adjustment,under,False,470,1611.89,0.097329,0.098259,0.990527,random
PSP_E,AR,partial_capture,under,False,84,1602.59,0.099526,0.097884,1.016775,random
PSP_D,AR,psp_adjustment,under,False,366,1386.99,0.14518,0.151995,0.955167,random
PSP_C,CL,psp_adjustment,under,False,365,1303.63,0.207151,0.196356,1.054977,random
PSP_E,CO,psp_adjustment,under,False,301,1189.19,0.100669,0.099452,1.012237,random
PSP_D,CO,psp_adjustment,under,False,329,1130.91,0.110033,0.147792,0.744517,random
PSP_D,CL,partial_capture,under,False,68,1103.99,0.111293,0.153483,0.725114,random
PSP_D,CL,psp_adjustment,under,False,238,867.07,0.135074,0.153483,0.880055,random
PSP_A,MX,fraud_hold,under,False,107,806.82,0.332298,0.301676,1.101507,random
PSP_E,AR,psp_adjustment,under,False,220,745.44,0.087267,0.097884,0.891534,random
PSP_A,CO,fraud_hold,under,False,74,691.56,0.33945,0.304506,1.114756,random
PSP_E,CL,psp_adjustment,under,False,172,644.79,0.097616,0.103966,0.938928,random
PSP_C,MX,fraud_hold,under,False,69,619.85,0.214286,0.198637,1.078782,random
PSP_B,MX,fraud_hold,under,False,75,539.96,0.232919,0.249239,0.934523,random
PSP_B,CO,fraud_hold,under,False,52,479.19,0.238532,0.250398,0.952611,random
PSP_D,MX,fraud_hold,under,False,45,413.3,0.139752,0.152189,0.918275,random
PSP_B,CL,fraud_hold,under,False,32,349.23,0.271186,0.250429,1.082889,random
PSP_B,AR,fraud_hold,under,False,49,281.0,0.320261,0.249071,1.285823,random
PSP_A,AR,fraud_hold,under,False,40,276.93,0.261438,0.300921,0.868793,random
PSP_D,AR,fraud_hold,under,False,26,260.52,0.169935,0.151995,1.118029,random
PSP_A,CL,fraud_hold,under,False,41,259.16,0.347458,0.295766,1.174771,random
PSP_C,CO,fraud_hold,under,False,39,258.14,0.178899,0.197852,0.904205,random
PSP_E,AR,fraud_hold,under,False,14,178.86,0.091503,0.097884,0.934813,random
PSP_D,CO,fraud_hold,under,False,30,161.06,0.137615,0.147792,0.931139,random
PSP_E,MX,fraud_hold,under,False,26,160.3,0.080745,0.098259,0.821756,random
PSP_C,CL,fraud_hold,under,False,25,147.22,0.211864,0.196356,1.078982,random
PSP_C,AR,fraud_hold,under,False,24,129.71,0.156863,0.200129,0.783807,random
PSP_E,CO,fraud_hold,under,False,23,127.7,0.105505,0.099452,1.06086,random
PSP_D,CL,fraud_hold,under,False,13,115.71,0.110169,0.153483,0.717794,random
PSP_A,MX,tax_recalc,under,False,58,76.91,0.318681,0.301676,1.05637,random
PSP_B,MX,tax_recalc,under,False,47,59.97,0.258242,0.249239,1.036122,random
PSP_B,CO,tax_recalc,under,False,24,50.41,0.230769,0.250398,0.921609,random
PSP_D,MX,tax_recalc,under,False,29,37.94,0.159341,0.152189,1.04699,random
PSP_A,CO,tax_recalc,under,False,40,37.72,0.384615,0.304506,1.263081,random
PSP_E,CL,fraud_hold,under,False,7,32.4,0.059322,0.103966,0.570592,random
PSP_D,CO,tax_recalc,under,False,13,30.38,0.125,0.147792,0.845785,random
PSP_C,MX,tax_recalc,under,False,30,22.47,0.164835,0.198637,0.829833,random
PSP_E,MX,tax_recalc,under,False,18,20.87,0.098901,0.098259,1.00653,random
PSP_E,CO,tax_recalc,under,False,11,12.25,0.105769,0.099452,1.063521,random
PSP_C,CO,tax_recalc,under,False,16,9.88,0.153846,0.197852,0.777581,random
PSP_A,MX,fx_timing,none,False,2576,0.0,0.312242,0.301676,1.035026,random
PSP_B,MX,fx_timing,none,False,2155,0.0,0.261212,0.249239,1.04804,random
PSP_A,CO,fx_timing,none,False,1671,0.0,0.377969,0.304506,1.241253,random
PSP_C,MX,fx_timing,none,False,1441,0.0,0.174667,0.198637,0.879328,random
PSP_B,CO,fx_timing,none,False,1339,0.0,0.302873,0.250398,1.209563,random
PSP_A,AR,fx_timing,none,False,1312,0.0,0.315233,0.300921,1.047562,random
PSP_D,MX,fx_timing,none,False,1299,0.0,0.157455,0.152189,1.034597,random
PSP_A,CL,fx_timing,none,False,983,0.0,0.372348,0.295766,1.258928,random
PSP_B,AR,fx_timing,none,False,975,0.0,0.234262,0.249071,0.940544,random
PSP_C,CO,fx_timing,none,False,911,0.0,0.206062,0.197852,1.041494,random
PSP_B,CL,fx_timing,none,False,786,0.0,0.297727,0.250429,1.18887,random
PSP_E,MX,fx_timing,none,False,779,0.0,0.094424,0.098259,0.960968,random
PSP_C,AR,fx_timing,none,False,778,0.0,0.186929,0.200129,0.934043,random
PSP_D,AR,fx_timing,none,False,666,0.0,0.160019,0.151995,1.052794,random
PSP_C,CL,fx_timing,none,False,516,0.0,0.195455,0.196356,0.99541,random
PSP_E,CO,fx_timing,none,False,500,0.0,0.113097,0.099452,1.137199,random
PSP_E,AR,fx_timing,none,False,431,0.0,0.103556,0.097884,1.057946,random
PSP_E,CL,fx_timing,none,False,355,0.0,0.13447,0.103966,1.293404,random
PSP_A,MX,psp_rounding,under,False,83,0.0,0.329365,0.301676,1.091784,random
PSP_B,MX,psp_rounding,under,False,68,0.0,0.269841,0.249239,1.082662,random
PSP_A,MX,psp_rounding,over,False,63,0.0,0.290323,0.301676,0.962366,random
PSP_B,MX,psp_rounding,over,False,49,0.0,0.225806,0.249239,0.905985,random
PSP_A,AR,psp_rounding,under,False,48,0.0,0.352941,0.300921,1.172871,random
PSP_C,MX,psp_rounding,over,False,48,0.0,0.221198,0.198637,1.113582,random
PSP_A,CO,psp_rounding,over,False,47,0.0,0.291925,0.304506,0.958686,random
PSP_A,CO,psp_rounding,under,False,45,0.0,0.3,0.304506,0.985203,random
PSP_C,MX,psp_rounding,under,False,45,0.0,0.178571,0.198637,0.898985,random
PSP_B,CO,psp_rounding,over,False,41,0.0,0.254658,0.250398,1.017013,random
PSP_B,AR,psp_rounding,over,False,39,0.0,0.314516,0.249071,1.262756,random
PSP_B,CO,psp_rounding,under,False,39,0.0,0.26,0.250398,1.038346,random
PSP_D,MX,psp_rounding,over,False,37,0.0,0.170507,0.152189,1.120361,random
PSP_D,MX,psp_rounding,under,False,37,0.0,0.146825,0.152189,0.964755,random
PSP_A,AR,psp_rounding,over,False,35,0.0,0.282258,0.300921,0.937982,random
PSP_A,MX,psp_rounding,none,False,35,0.0,0.301724,0.301676,1.00016,random
PSP_B,MX,psp_rounding,none,False,34,0.0,0.293103,0.249239,1.175995,random
PSP_A,CL,psp_rounding,over,False,33,0.0,0.311321,0.295766,1.05259,random
PSP_B,AR,psp_rounding,under,False,29,0.0,0.213235,0.249071,0.856122,random
PSP_C,AR,psp_rounding,under,False,29,0.0,0.213235,0.200129,1.065488,random
PSP_C,CO,psp_rounding,under,False,29,0.0,0.193333,0.197852,0.97716,random
PSP_D,CO,psp_rounding,over,False,29,0.0,0.180124,0.147792,1.218771,random
PSP_A,CL,psp_rounding,under,False,28,0.0,0.285714,0.295766,0.966014,random
PSP_B,CL,psp_rounding,over,False,28,0.0,0.264151,0.250429,1.054795,random
PSP_C,CO,psp_rounding,over,False,27,0.0,0.167702,0.197852,0.847612,random
PSP_C,CL,psp_rounding,over,False,23,0.0,0.216981,0.196356,1.10504,random
PSP_C,CL,psp_rounding,under,False,23,0.0,0.234694,0.196356,1.195248,random
PSP_C,MX,psp_rounding,none,False,22,0.0,0.189655,0.198637,0.954784,random
PSP_D,CO,psp_rounding,under,False,22,0.0,0.146667,0.147792,0.992388,random
PSP_C,AR,psp_rounding,over,False,21,0.0,0.169355,0.200129,0.846227,random
PSP_B,CL,psp_rounding,under,False,20,0.0,0.204082,0.250429,0.814929,random
PSP_E,MX,psp_rounding,over,False,20,0.0,0.092166,0.098259,0.937985,random
PSP_E,MX,psp_rounding,under,False,19,0.0,0.075397,0.098259,0.767324,random
PSP_D,AR,psp_rounding,under,False,17,0.0,0.125,0.151995,0.822396,random
PSP_E,AR,psp_rounding,over,False,17,0.0,0.137097,0.097884,1.400604,random
PSP_E,CO,psp_rounding,over,False,17,0.0,0.10559,0.099452,1.06172,random
PSP_D,CL,psp_rounding,under,False,16,0.0,0.163265,0.153483,1.063733,random
PSP_E,CO,psp_rounding,under,False,15,0.0,0.1,0.099452,1.005511,random
PSP_A,CL,psp_rounding,none,False,14,0.0,0.424242,0.295766,1.434384,random
PSP_E,AR,psp_rounding,under,False,13,0.0,0.095588,0.097884,0.976546,random
PSP_E,MX,psp_rounding,none,False,13,0.0,0.112069,0.098259,1.140541,random
PSP_B,CL,psp_rounding,none,False,12,0.0,0.363636,0.250429,1.452055,random
PSP_D,AR,psp_rounding,over,False,12,0.0,0.096774,0.151995,0.636694,random
PSP_D,MX,psp_rounding,none,False,12,0.0,0.103448,0.152189,0.679734,random
PSP_E,CL,psp_rounding,over,False,12,0.0,0.113208,0.103966,1.088893,random
PSP_E,CL,psp_rounding,under,False,11,0.0,0.112245,0.103966,1.079634,random
PSP_D,CL,psp_rounding,over,False,10,0.0,0.09434,0.153483,0.614657,random
PSP_C,CL,psp_rounding,none,False,7,0.0,0.212121,0.196356,1.08029,random
PSP_E,CO,tax_recalc,over,False,12,-10.89,0.092308,0.099452,0.928164,random
PSP_E,MX,tax_recalc,over,False,12,-11.91,0.067039,0.098259,0.682266,random
PSP_C,CO,tax_recalc,over,False,21,-19.44,0.161538,0.197852,0.81646,random
PSP_D,MX,tax_recalc,over,False,21,-20.74,0.117318,0.152189,0.770872,random
PSP_C,MX,tax_recalc,over,False,31,-21.5,0.173184,0.198637,0.871865,random
PSP_D,CO,tax_recalc,over,False,23,-31.89,0.176923,0.147792,1.197111,random
PSP_B,CO,tax_recalc,over,False,30,-36.11,0.230769,0.250398,0.921609,random
PSP_A,CO,tax_recalc,over,False,44,-36.68,0.338462,0.304506,1.111511,random
PSP_B,MX,tax_recalc,over,False,53,-73.82,0.296089,0.249239,1.187975,random
PSP_A,MX,tax_recalc,over,False,62,-82.11,0.346369,0.301676,1.148148,random
